seed_id,soil_type_id,planting_density,yield_ratio,status
2,1,0.004567280111902024,282.29636232577843,met
2,6,0.006973951201199177,243.27722012980874,met
3,1,0.006258286431443997,234.32513145277406,met
3,2,0.005854892355218897,275.4948459950017,met
3,5,0.004538368444169584,140.169640918664,not_met
3,5,0.005077624530319986,114.738374384427,not_met
1,6,0.004127686311686623,279.48180720488784,not_met
3,4,0.004665744906209969,178.62165614548658,met
4,6,0.006772348750777606,173.1407802593607,met
6,4,0.0046872474934408406,394.4925901990471,met
6,4,0.0069961317527669495,273.93577763418165,not_met
5,1,0.006076143044011065,522.8442102696634,met
3,3,0.00623881126852609,186.07555183370073,met
1,2,0.0073176732503839655,499.7974872582616,met
6,5,0.005962360454885437,277.31318853243795,not_met
7,3,0.006563706232924993,75.80089909320387,met
6,3,0.007464836064100386,340.9223546806839,met
7,1,0.00661933882006266,68.66431736702428,met
7,1,0.004583764294922256,64.20290645660694,not_met
1,6,0.004965408900213651,325.8755131422567,met
1,2,0.005314644574720277,399.0982550008232,met
3,5,0.004695701626895559,107.20251210914778,not_met
4,4,0.006507489166439193,145.58549936850386,not_met
7,3,0.004033487052400856,72.17951684957255,met
3,5,0.007260463572398125,112.48014444717775,not_met
4,2,0.007487922283015536,251.91832440760822,met
6,2,0.006704558342065534,518.5083267403187,met
4,3,0.006481719263160753,160.0737705800618,met
6,4,0.006349437861980195,354.97132668170275,met
7,3,0.006900387023187598,77.63090328957487,met
6,2,0.005633253223481576,435.60248484293044,met
6,1,0.006982944600604327,399.50829181442924,met
1,2,0.004969458056028075,345.36317324832794,met
5,4,0.004647958785613494,394.7879881687324,not_met
3,4,0.006773042820999116,173.70587811864218,met
2,6,0.0059655063578735665,162.38899472390452,not_met
7,1,0.006193085636582817,80.69994872440755,met
5,6,0.005789185340857047,411.9580847430012,not_met
5,5,0.0060562260602916446,374.2400711349047,not_met
1,2,0.005963541664311602,398.54080215646,met
3,6,0.006963157988942115,139.7986544181155,not_met
2,2,0.004745260903737203,287.4586373439769,met
1,6,0.007300752990302484,279.60959842575966,not_met
6,2,0.007154380406398969,436.77551570641634,met
1,4,0.007127973835371657,331.2862558516496,met
7,1,0.005836203812423666,64.7574076094561,not_met
7,3,0.006810349109745313,87.62965835120372,met
3,2,0.006142892550709972,265.1925706098646,met
3,6,0.007186901381918516,187.7159009078769,met
1,4,0.006980352040877664,303.51708986416725,met
6,6,0.006563592538870649,281.97539613248017,not_met
2,3,0.005559419857351697,222.26508233737454,met
7,4,0.007329747959623316,56.9631957920265,not_met
6,2,0.005413191812542594,399.02154432327745,met
5,6,0.004306712579322136,446.0514869843559,met
2,3,0.007119374529899834,177.1220894631664,not_met
2,1,0.004033565428338878,244.4132474047863,met
1,2,0.0041100928435772845,449.91531352990506,met
7,6,0.005788846123151282,64.24991896364718,not_met
5,3,0.00621358695464358,536.0234369561995,met
1,2,0.005810420881483053,334.1485860037324,met
7,1,0.004638984351282574,79.3194327565224,met
5,1,0.004592237703471576,525.4981551894656,met
3,1,0.007010784921199767,169.38928414570034,not_met
1,5,0.005726089041835741,236.53244771207954,not_met
2,3,0.006483349894626359,273.7485192197542,met
3,3,0.006808515202363609,188.1559121923111,met
7,2,0.006268868340273084,88.50246972529519,met
5,1,0.005332381241888138,462.71602096514084,met
6,3,0.00582753917513097,359.40265348128753,met
6,4,0.00665580959966472,345.4022293169592,met
3,4,0.0067688276773738764,179.08479758887026,met
4,3,0.0045800136289076004,129.2022646638296,not_met
4,3,0.007178748645412168,177.02092753083025,met
3,6,0.004013629399332546,135.94027719725145,not_met
4,2,0.006645569246620038,170.59015333500602,met
2,6,0.007481931586106564,182.69806940010838,not_met
1,6,0.005067964547271355,244.93635850523106,not_met
3,4,0.004473249530383147,138.74511007102197,not_met
7,2,0.005764896290278103,89.89075567362661,met
5,5,0.006186567323738974,361.85108598192033,not_met
5,1,0.005767834752188425,555.392842100483,met
6,2,0.006290702435073092,369.50688625098337,met
7,1,0.005209684687420815,82.95513760518465,met
3,3,0.007116265483202098,190.26048897476483,met
4,2,0.004852565038836876,189.06919453748066,met
2,6,0.006250513956430687,242.39343284096978,met
3,2,0.004906494141381735,226.66266137768196,met
6,5,0.004782784263475143,268.0423890532528,not_met
1,6,0.004575198056263819,248.21109167374624,not_met
3,1,0.005374538771257457,239.72951195067304,met
3,5,0.005942279936242718,108.75293734032608,not_met
3,1,0.004019510666301309,193.7654518908706,met
3,3,0.0072383008436269795,203.19003914408,met
1,3,0.005644688434742528,310.39054762836884,met
2,6,0.007386853581012967,226.99497691271563,met
3,4,0.006004231892075706,138.05991629547307,not_met
3,6,0.0041381935609616834,154.34224925365788,not_met
7,4,0.005332102473937585,54.37423974018922,not_met
1,6,0.0067522037773066045,268.96416804984904,not_met
5,5,0.006898666894693356,352.60603988059717,not_met
7,6,0.005394436802756391,71.61784607984386,met
3,6,0.006407436112379638,169.18336105666165,not_met
5,2,0.00692712722031655,525.1649743837335,met
5,1,0.006431085236830009,566.9908971626598,met
4,3,0.007403824396960254,180.97737353567365,met
1,4,0.0058925424316034845,237.2280256993981,not_met
6,1,0.0040196845067184865,333.11796595445054,not_met
4,4,0.005527053759479923,122.52187214500198,not_met
4,3,0.006421944691444561,149.4086214256109,not_met
4,1,0.0047472359060953635,151.14027497619827,not_met
5,1,0.004679764797714582,453.4854757566739,met
2,4,0.006108012599199167,181.7107409932122,not_met
3,4,0.004707059561299489,129.26029527291,not_met
6,6,0.006811321963246977,372.96143703348866,met
4,3,0.006315437165301591,165.0055602427339,met
4,5,0.005668129591978063,131.24439629587326,not_met
5,5,0.006025257521318319,363.55001062820975,not_met
7,2,0.0042995847358188255,74.77694796292573,met
7,4,0.0068998243175701895,55.822377878109336,not_met
2,2,0.005609375316583842,246.42775899534877,met
2,1,0.0074554924074904366,246.11150245872463,met
3,1,0.005106383436931908,189.53957057652568,met
3,6,0.005412182368255869,193.35155670866143,met
1,4,0.006058079423124934,276.62652506211185,not_met
4,1,0.005919509776801672,189.2134511026258,met
7,5,0.0072815106687169505,47.39950269095967,not_met
3,5,0.006084968763039322,137.95453362564214,not_met
2,6,0.006899327192677187,212.67478609155052,met
4,2,0.007408468119207368,170.28925819240573,met
1,2,0.00667493721108153,499.5489459882631,met
5,3,0.006099176327039274,390.3301600290585,not_met
6,4,0.005737092199542447,283.8128230567233,not_met
1,1,0.004392351877795983,324.19687551671717,met
1,2,0.004656013807663351,424.6986010322012,met
7,5,0.004567370793841711,42.77116989437142,not_met
7,4,0.004203102369418957,50.92431529921503,not_met
5,4,0.006760556644517489,384.3239494837376,not_met
2,3,0.004714167187760157,260.19207739623056,met
1,5,0.0068185613728196075,199.6079246801823,not_met
6,3,0.004694021811271797,393.50790756955996,met
7,1,0.00426973814476161,75.77091117795557,met
6,3,0.006133567135221577,351.94345987812255,met
7,4,0.006469150094889564,72.3784715623481,met
3,5,0.005640363825759753,146.31985675414612,not_met
2,2,0.006124841424952112,285.88776696657413,met
6,6,0.007025146414268894,383.99223318660205,met
7,6,0.0071030520075892785,62.42709296406377,not_met
2,1,0.006950586326815741,193.57699174353175,not_met
3,4,0.006445286921156273,178.8195670158925,met
1,6,0.006946983454264766,288.43738138075634,not_met
3,5,0.006414040564825521,112.70553133677251,not_met
3,3,0.00428126579861888,187.08569596823216,met
3,2,0.006023797931209668,182.0222307806969,met
6,5,0.006538015615783599,238.18592150515667,not_met
7,2,0.006519908858542798,114.06241895021485,met
6,4,0.005440381757347068,379.66619904416814,met
7,3,0.004600143753240654,77.9912405003093,met
6,1,0.0057855849378100396,457.2139598983289,met
1,6,0.004021098488013215,333.4953540630422,met
7,6,0.004879397279528635,54.94695463395395,not_met
3,5,0.007351079335158052,146.80097876463574,not_met
7,4,0.004986633025232272,55.54303934903482,not_met
2,6,0.006871665896580805,231.18605073128168,met
2,3,0.007108854704053913,268.17321592288977,met
6,6,0.0069873749841891306,316.4968363353739,not_met
3,4,0.0043269755606057106,141.45486575495224,not_met
6,2,0.004419624551478257,519.8624021483221,met
3,3,0.0056332919376171995,151.68435273690434,not_met
5,5,0.0057132015057193295,383.04757536951865,not_met
5,3,0.006316854793765872,479.9385266976771,met
1,2,0.005452527859847789,485.880808706615,met
3,3,0.007315057276001333,149.27238715772495,not_met
1,2,0.0054388632721896965,440.83615663628007,met
1,4,0.004475551955542062,309.360286067709,met
2,4,0.004607229095658828,165.6496410538105,not_met
3,3,0.006676113637531051,154.7891314956396,not_met
6,6,0.0070755407810614065,394.85129571422164,met
6,6,0.0069272864661709095,384.3035668921278,met
3,2,0.005446160988354055,277.3392199508296,met
4,5,0.004456232970579921,109.74152585946734,not_met
1,6,0.0058493446230640875,246.78567837052714,not_met
6,6,0.005913241159193894,383.2312294642212,met
4,5,0.0055885209366119985,108.67591729817345,not_met
6,5,0.005780242492360575,203.6124283774045,not_met
2,3,0.004439837747203536,209.9073486264182,not_met
4,6,0.004351728905171249,162.0816384217707,met
3,2,0.00436405831135146,282.34210943092125,met
5,2,0.004673701021485479,619.8541061369476,met
6,6,0.004338057456201249,323.7129268291899,not_met
3,6,0.004562318247870357,159.55185594532594,not_met
2,2,0.007244184425600214,279.2353674678001,met
3,4,0.005734338749304953,194.1848007785048,met
3,5,0.00631658167877657,115.27888420276219,not_met
4,3,0.007074884755386681,187.89700326868584,met
5,3,0.0056308801662591805,403.56075170743895,not_met
5,1,0.004963025696838121,400.71788240615945,not_met
2,1,0.007159790888575786,267.78046374026576,met
2,5,0.00573814779605613,143.91131180634662,not_met
2,1,0.0056202931417552665,240.58935399324807,met
5,4,0.0060356655246411595,334.5363868170462,not_met
3,4,0.00570793681915798,132.19795928241626,not_met
1,6,0.005211194148925945,329.97633861207527,met
5,2,0.00679395425833143,665.8043588444594,met
5,3,0.006997117410924144,537.6127716954095,met
3,3,0.005025478161962905,185.2632832344051,met
5,1,0.007039087871728405,490.128077734727,met
2,6,0.0058047056882032716,198.31526923872934,not_met
7,3,0.007407219938006489,63.913459186047895,not_met
3,4,0.006847724892983519,194.25835407544577,met
1,4,0.0067500363023320535,250.42233867119248,not_met
4,5,0.005036521558791102,128.5388085774868,not_met
1,1,0.004411487806915682,403.78328208754397,met
1,6,0.00632216607927851,345.96822931543113,met
4,6,0.005178025727756896,132.01660583819114,not_met
7,3,0.007444642646729092,87.71583103261875,met
2,6,0.006946881327138562,236.95855423096305,met
6,3,0.004839870159073602,405.6455314140778,met
1,2,0.007350953663443404,405.8140308755118,met
7,4,0.006706061633881684,71.68213772190992,met
7,6,0.005848867817531793,55.733724939388914,not_met
7,5,0.007489113544730888,58.986514936652064,not_met
5,3,0.004795273791249125,486.2771060926672,met
3,4,0.006800215374614664,181.744884962831,met
1,6,0.00669858505947411,226.5381670787991,not_met
3,6,0.004197235867709856,140.28694278672637,not_met
5,4,0.005556082646583245,352.79206863781224,not_met
2,4,0.006243116617533203,216.61277008178277,met
3,3,0.004034318976077057,200.01444190638142,met
7,2,0.007343842103565062,112.0073058558786,met
4,3,0.007109043882063127,168.69748117949442,met
3,5,0.005513045852684425,113.39010350609104,not_met
1,6,0.004435729741726565,235.94683196668825,not_met
2,3,0.007118720450724172,214.7149694903274,met
2,1,0.00589311101590552,298.40630190903823,met
6,2,0.004985235403316625,387.5422751773378,met
2,2,0.004560638644990953,244.36232116865585,met
6,2,0.007353957207173259,545.3667978283218,met
5,3,0.004247839335768421,450.68792288160876,met
4,2,0.006424149403261361,181.87787175571574,met
3,5,0.005476004807744356,149.62660914298007,not_met
1,3,0.004989884117615537,291.2720157237741,not_met
2,3,0.0045973501082798626,175.91404897657046,not_met
1,6,0.007451588328685313,311.60347442029973,met
6,5,0.005162242370180236,296.8484447308952,not_met
3,5,0.0059740624310228585,134.38711796285637,not_met
3,4,0.004963841364023058,139.26501460284365,not_met
6,3,0.006369477807174585,329.8549065034454,not_met
2,2,0.007228061192796142,347.3485817951431,met
7,5,0.006395986533025492,60.50397806883007,not_met
6,5,0.005518091365978125,217.46875883929363,not_met
4,5,0.0053933052667695935,128.19468437123572,not_met
2,4,0.0044836914226790295,197.16187410710796,not_met
4,3,0.004186114275066575,171.684299660918,met
6,6,0.006119037271003983,362.6957463163091,met
2,5,0.004771083354336634,189.96717388790245,not_met
2,2,0.004653101660606425,357.43209713289906,met
6,1,0.006745545866112312,458.9661840208209,met
6,2,0.007433174621824637,423.977756844167,met
4,5,0.004175679865152807,91.81950022724283,not_met
4,5,0.007454867107807615,102.79069430925321,not_met
4,2,0.006034343878986821,214.90060006236828,met
6,4,0.005858585459370827,329.47866814592277,not_met
4,4,0.0056226228842491364,123.696982400743,not_met
3,4,0.005093262123822507,178.32415835976235,met
3,1,0.005880825935070765,225.21547485586993,met
6,5,0.00410294367773596,260.22859062192686,not_met
2,3,0.004837168881262508,187.92616832962733,not_met
4,4,0.006737639373577253,165.76136003303975,met
1,4,0.004195590731607567,317.07134842686196,met
3,1,0.004678993373547081,188.9779409004913,met
2,4,0.006184546053183916,227.94742177211003,met
6,2,0.004003450063170816,532.3945500815963,met
5,3,0.006549328938536647,505.6269719226036,met
6,2,0.0044448851625013995,473.7234023811909,met
1,3,0.005899138798315605,247.40427422032238,not_met
4,5,0.004054638489884296,123.00785903070954,not_met
6,3,0.005348175600890801,425.364885609895,met
4,3,0.0060623203108369555,169.1920427551222,met
7,1,0.006478264260512889,66.26207130798724,not_met
6,6,0.004990916714394058,288.3094445494661,not_met
4,5,0.00629397733108789,121.00978573372116,not_met
3,5,0.006417214906699894,132.55302679902942,not_met
4,3,0.005242241761211938,197.24252765958448,met
3,5,0.007311676400173761,106.7488559061521,not_met
6,2,0.00690027512766298,447.55381918272445,met
6,1,0.004037184629524161,357.83209719628167,met
5,5,0.005672548103458243,381.59915072819643,not_met
2,2,0.0054287035830619945,316.1628513941907,met
1,6,0.005813941415465784,312.0865586872017,met
6,6,0.004843497786686198,372.23882598275407,met
1,4,0.00480351133148912,345.1085536263129,met
1,6,0.004888956354750147,341.56920413484465,met
7,3,0.005383098526259014,81.64851185297952,met
7,3,0.007464859439890213,80.14240531831267,met
6,6,0.007141431657215289,382.1277711708711,met
6,6,0.0067417755750532275,332.0872805888207,not_met
4,4,0.007492014380052099,143.73338505004764,not_met
4,2,0.005831095435813637,243.65711201597685,met
3,2,0.0053727950437289914,258.4619105924848,met
4,5,0.004200359330408683,107.22120512867495,not_met
5,2,0.005614432748189156,642.6348773072472,met
1,5,0.0067316401518056354,200.88622672874834,not_met
6,4,0.007392684993624343,263.6176097195115,not_met
5,4,0.007270545715475754,409.0181076850044,not_met
3,2,0.005088670940472834,216.23159312260498,met
4,5,0.006735360152388116,114.22317169691152,not_met
2,5,0.005739951464521626,163.71294182999438,not_met
1,1,0.004643507560079525,332.6685259633544,met
1,3,0.0043489893876483615,374.38054099270914,met
6,5,0.004552586399530795,216.3274998728261,not_met
2,4,0.00702633534319096,241.48976642569716,met
6,2,0.004507417502367727,430.17719223710304,met
6,6,0.004273703998595679,330.059157111126,not_met
2,3,0.005806332629254075,264.9311678572359,met
4,1,0.004540373999146702,209.23287566120894,met
2,5,0.007055307403923353,160.42582184063414,not_met
7,5,0.007216216203908046,54.09521654178576,not_met
6,4,0.006409117904790381,264.9807142840777,not_met
5,6,0.005914172687491504,337.88833300219716,not_met
2,6,0.006962543960422094,246.92478470433775,met
4,1,0.0072156438642067095,165.46180061893466,met
5,5,0.00521986019893034,351.90943055377033,not_met
4,1,0.006130920315587357,182.45896023953065,met
4,6,0.005352809578739282,163.15254847991264,met
1,4,0.004563543584704384,271.4724159426336,not_met
6,1,0.006709781378980622,355.59907368122384,met
3,1,0.005568767110884749,192.81863038971008,met
1,4,0.00552721462474474,313.0267254023648,met
6,6,0.0068454532538434944,253.23994190376214,not_met
4,4,0.006747846863288736,161.24640000696397,met
3,4,0.006725844669244941,189.72689018482933,met
4,2,0.007445313994279386,224.3372688868668,met
6,2,0.0068350337742311695,432.41197755979437,met
6,6,0.0055664581720567055,367.14876737131874,met
5,6,0.004381122167069488,444.83538044518014,met
5,2,0.005061511406660712,514.6001321968328,met
5,6,0.005244839931514621,488.83437384900816,met
5,1,0.0048084892243371435,476.3485928260369,met
1,2,0.007479153390603814,373.71311907120315,met
4,6,0.0051674715774916785,163.52057998690302,met
4,6,0.006492676414164785,163.06878855860586,met
7,6,0.005712732816262885,68.56372993578903,met
1,4,0.005400808560216743,258.17088791880155,not_met
2,2,0.005621684986744327,276.2386663189618,met
7,3,0.00517201745304282,79.47594989258482,met
7,6,0.004034137150246479,61.85390772622598,not_met
5,5,0.004411701210014548,370.52673142046086,not_met
4,4,0.00610290256108094,171.3024518521233,met
2,4,0.004148963469114924,162.2087083805479,not_met
2,5,0.004314140807527615,128.96973647844834,not_met
6,2,0.00670468029661184,510.82092546307376,met
5,2,0.005650027679050365,582.8440235568205,met
7,4,0.00618062709722035,55.996911169639326,not_met
5,4,0.006481082780970175,408.3128368058184,not_met
2,1,0.007076027518031203,263.9991810954052,met
5,3,0.004913504983725083,468.0068579636337,met
2,2,0.005266212878294047,245.0218293423743,met
2,2,0.005484207986579834,275.4352282388266,met
4,3,0.0069412474840679465,131.66674596868842,not_met
5,1,0.005049454284084979,495.82320161077536,met
4,3,0.005498411104820111,195.81574726468082,met
7,2,0.006457603175320067,111.88493497191853,met
7,1,0.005183517244936675,70.9695936029666,met
4,5,0.007220561151222196,114.0655257752739,not_met
3,5,0.007450127849916122,140.68765798711925,not_met
4,3,0.00720348943277142,187.76596896286765,met
5,6,0.00671248597956932,464.7803030959376,met
1,4,0.00583231961060582,338.81105933828474,met
7,6,0.004409904058861915,69.25307635027967,met
2,5,0.0060726957155755506,159.97628063355677,not_met
1,1,0.006853553817923246,275.0737526017397,not_met
1,5,0.006616115865286883,241.79337770827112,not_met
3,1,0.005476058016629177,170.06434549844215,met
1,4,0.006229693142508534,273.1173589050736,not_met
1,1,0.005480306757845758,286.35207444045534,not_met
5,6,0.004793835769812936,332.24654908721413,not_met
4,2,0.0069565374699609795,205.57145503770826,met
6,2,0.007151235002692647,534.7009530220529,met
3,5,0.005703963162475553,107.06125723824056,not_met
3,2,0.0056359007055067694,208.1694669286739,met
4,4,0.005363191067239203,158.35386836008465,met
2,6,0.007292946722234498,218.0544901439649,met
1,1,0.006644235123481427,319.5844483035416,met
2,1,0.007298106617948908,300.7842330671292,met
7,4,0.006439292431406517,56.72859771722714,not_met
3,2,0.007307349270225178,273.44457737232165,met
4,2,0.006037920939498316,223.8971816360264,met
1,2,0.006806124467989746,484.41490625230176,met
4,6,0.007381601235549804,165.96903695535258,met
6,2,0.007337830372767062,408.3471118810171,met
1,4,0.005521321163422859,280.20764444683584,not_met
5,2,0.007425407525497597,622.6153421403532,met
1,6,0.004886311607047377,236.46660122286076,not_met
4,2,0.00586619862267506,164.5520815649749,met
1,4,0.005261832351361239,294.6600384238915,not_met
2,4,0.005426084195942834,205.35337064693672,not_met
5,4,0.006106326433882265,402.05546611173236,not_met
4,3,0.005475443127819471,132.68858561401075,not_met
2,6,0.005354001696047055,202.64039479198266,not_met
1,5,0.006203505212227871,257.37179338583206,not_met
5,2,0.005986026780919405,534.6494376372694,met
5,5,0.006418795880738148,308.96203305517747,not_met
1,3,0.004136412761149862,363.38716247072557,met
6,5,0.007229463030693488,246.11244382062984,not_met
2,5,0.005523977209055008,138.4352750330864,not_met
4,2,0.006245596795635452,249.74221673562644,met
6,3,0.005013845025635079,313.4383853415851,not_met
6,4,0.006412534695667672,377.4586097955132,met
3,3,0.004030506493433693,162.60284534030387,not_met
7,3,0.006014723832389096,85.59492122009738,met
4,2,0.007225507981289521,234.25824159974744,met
7,1,0.0047781614510007155,75.16866061676009,met
2,4,0.004168779959189093,237.75605979229348,met
7,4,0.0049838801359093805,57.265211339765244,not_met
2,2,0.005323543872994063,272.7312550371032,met
6,5,0.004601301857925282,246.11326925352583,not_met
6,2,0.004318477756508417,570.0120014761156,met
1,3,0.00606594389852408,357.4635483434995,met
5,3,0.006948671324208756,510.42935346483375,met
5,6,0.004040804297447923,484.52261468193325,met
7,2,0.006549068016210809,95.05636928817228,met
3,1,0.007445420196823929,175.65733095818783,met
4,1,0.006146144315335989,140.89045964462014,not_met
6,2,0.007359108063700363,493.1161097818283,met
2,6,0.004532012922233816,159.13453237319098,not_met
5,6,0.006429510946880572,342.6474047830622,not_met
6,4,0.005230491025242589,379.9311994725644,met
1,1,0.0040078395426312845,293.31053578383245,not_met
6,3,0.004068495604536855,337.58828633742297,not_met
6,6,0.004252960182678737,348.8605671038881,met
5,4,0.006251884986312524,405.28482214345195,not_met
7,3,0.00572276797024355,58.04002580869871,not_met
5,4,0.006125375316270934,405.9727041020725,not_met
4,4,0.007240778099426903,176.14890482846633,met
6,3,0.005421842106907335,405.21035690437174,met
7,6,0.0070956973909151845,56.11040300643626,not_met
2,3,0.007138302793343777,198.11018824218104,not_met
3,3,0.006242663481157874,203.93510048697578,met
4,4,0.004963537275925259,164.34068747846644,met
2,5,0.005569772565020965,130.67012292265878,not_met
1,1,0.007442025815664245,321.6492221734334,met
2,1,0.006090025810000974,239.75402101027342,met
2,3,0.004194009708128036,239.82210784261633,met
2,5,0.005335955350249913,178.78881627150798,not_met
5,4,0.004933794153879528,355.5293349239922,not_met
2,3,0.005939674849473752,199.4280124550854,not_met
2,1,0.00432738542493234,207.11529774015975,not_met
4,3,0.005861937170301266,197.7111366915905,met
3,5,0.006413882234667074,109.50284527740104,not_met
5,1,0.0069512122465973,425.3556644854638,met
1,2,0.006344755117937415,342.28426862609285,met
2,2,0.006168686101248823,343.7669378169547,met
6,6,0.006197288881767643,333.80994418432425,not_met
2,3,0.00577768853643148,258.35642424619374,met
7,3,0.004141791623174482,79.31799086459904,met
7,1,0.007412517501374091,87.5481054288415,met
5,4,0.007447021590591596,415.58369430062424,not_met
1,6,0.004115553803573476,284.750236645595,not_met
4,1,0.005865389233437201,200.74887787999998,met
3,2,0.004497837580751033,186.80790073857426,met
6,3,0.004945240204415677,377.0062862682441,met
2,3,0.004799587216416909,259.6891323437033,met
6,2,0.004472053138996151,568.8471498557906,met
2,2,0.006837707921305839,333.89775391429066,met
3,6,0.007287527277010514,137.4250435747975,not_met
5,6,0.005098242855730972,464.17688604316504,met
6,1,0.004533199538299459,422.23387537822174,met
1,3,0.006139237244359847,357.9142577179638,met
7,4,0.00596065479618092,60.33430903030242,not_met
5,4,0.005673774880088935,368.0901353446051,not_met
7,1,0.004480681155703265,85.50939540170758,met
3,6,0.006381433880420846,197.08324559963367,met
1,1,0.004851054556173115,291.5899592140467,not_met
1,1,0.004978811478208822,308.6998568876395,met
4,3,0.005436357437558589,184.78905346117537,met
1,2,0.006312769238794265,487.0345165840883,met
6,5,0.007389522841825332,261.973324624839,not_met
7,4,0.005371186390136544,57.05249000377609,not_met
1,2,0.006204603854475018,423.98282437931977,met
5,5,0.005360885946173235,307.8865425125707,not_met
3,6,0.0074349218040489105,135.30796397003706,not_met
3,6,0.0070765011127990355,132.2182341227035,not_met
5,6,0.007371489893928062,469.6983607353212,met
5,3,0.004504805622017729,472.65164297297525,met
6,5,0.006754554214827122,285.37909693643303,not_met
3,6,0.006164248531764255,134.11291967949663,not_met
2,1,0.00713797694982381,220.65595096819547,met
1,2,0.0059711524132345225,496.31186912558013,met
3,6,0.00715007759292427,194.7564243189299,met
6,5,0.004195982583643093,237.91768452831656,not_met
4,2,0.007140094197195915,224.21195713852686,met
5,1,0.007349134237624152,438.7537161476579,met
6,6,0.004827900431829828,253.00069887087614,not_met
2,2,0.0071087476637886615,327.6486922760962,met
1,4,0.007295145785763634,241.09568577233242,not_met
5,5,0.00415404259052765,365.81567307204836,not_met
6,2,0.007095049753695562,506.8928638897132,met
6,1,0.0053392112558345054,439.1805667803965,met
7,1,0.006909973518096581,81.50412847822255,met
5,5,0.006408131966855879,308.75984077539687,not_met
1,2,0.0046753446138972435,474.94918366721373,met
5,5,0.0054011804821509045,258.8226638138176,not_met
2,5,0.007034454107832831,129.68967827865777,not_met
5,1,0.00474703161617873,506.586107415932,met
5,6,0.004294044415078752,489.05173176974404,met
7,5,0.004998663349044655,60.09348319865566,not_met
3,4,0.005681777528280458,187.38739983855788,met
4,3,0.005632176379978607,126.09620298144694,not_met
4,4,0.004771892143767036,117.18888822676887,not_met
6,4,0.005136930948412001,375.7635230370121,met
6,4,0.007327261083577416,390.37665686256753,met
5,6,0.004506782524327562,389.19750303597795,not_met
3,1,0.006091247277337169,200.06693974951926,met
7,3,0.006953034693461129,56.4354140041748,not_met
5,4,0.005448490620138919,459.45810381438525,met
3,3,0.006522813608534995,211.2073336699932,met
7,1,0.004563369847362919,89.71605958616749,met
6,1,0.005997948177365708,336.1264361365523,not_met
3,6,0.004802199032169357,148.2733075227918,not_met
5,2,0.00406746315402288,696.4944575183873,met
2,6,0.007484693024183815,237.10914582788138,met
3,5,0.005399359884030643,108.97196686214266,not_met
5,6,0.005739198594732243,455.9327997302496,met
7,6,0.00549835244480885,68.3863069229207,met
4,1,0.006474577456615128,144.3580776870266,not_met
6,2,0.004634052651162288,493.6754991231765,met
6,6,0.006123854984054389,288.3150218510445,not_met
3,2,0.0062975949481581086,213.13805494045354,met
7,4,0.0058419502083388595,70.87533213569013,met
6,3,0.004485761646025284,354.0239583339883,met
3,5,0.005258134195308643,102.2077187820415,not_met
3,1,0.00425299900702001,241.06745233612153,met
5,6,0.006066657508730743,362.1202278478252,not_met
2,3,0.006324348008212263,265.50638310449636,met
1,3,0.006798396754181802,275.09016655693347,not_met
7,6,0.005956348882839995,54.63505474357751,not_met
5,6,0.00405046075917805,471.2932519848306,met
3,3,0.005008025054431666,213.73936292193576,met
2,2,0.005054972343340662,327.63561192122495,met
2,5,0.0070717629417662645,127.29983415417584,not_met
6,3,0.004559703494953454,347.86745004042797,met
3,6,0.006181423673469432,179.31900485746132,met
3,6,0.006592529707880083,172.24543570344102,met
7,4,0.005955026451643464,66.249117338391,not_met
1,4,0.007034434933378055,324.7226938543249,met
2,6,0.006836941449672898,159.9283400182809,not_met
6,4,0.004989048086384055,321.37614603700814,not_met
1,1,0.006872031244381515,370.47985043504417,met
6,5,0.007316623417446064,237.9235420551503,not_met
4,1,0.006762655128403027,184.83030252127676,met
3,3,0.00571238947529638,154.47499790034703,not_met
3,1,0.006316865457165572,241.4940286618183,met
1,3,0.005520544720399507,313.54848804873774,met
4,5,0.005130605486502627,100.49237825296822,not_met
2,5,0.0071282843241149965,135.67638737741026,not_met
4,6,0.0059557059594667556,119.96183723187339,not_met
6,3,0.005277214392986741,384.6398014367286,met
1,4,0.007043327566658218,345.8135085799854,met
7,2,0.006498805423967063,90.46110024859907,met
2,1,0.005972841043419513,283.8118738450674,met
6,5,0.004979487026112724,298.1373250886945,not_met
6,4,0.007296830094520381,387.74076258284674,met
7,4,0.007238063653576399,73.08958343453614,met
3,3,0.00623105176972835,178.97084752372615,met
3,1,0.005701955881367004,180.57706965103577,met
5,1,0.004670131663656746,512.246664054829,met
1,3,0.004780365388830307,298.51882642546843,met
4,5,0.007302242453554371,132.94030460891048,not_met
1,3,0.006374025684252967,311.41860226703835,met
5,3,0.005306663432179716,491.5815273111588,met
4,2,0.005271723721804293,172.57727244802888,met
2,4,0.004691075787247842,185.25262805385918,not_met
3,2,0.006443528772612965,260.14614363663964,met
7,2,0.005849160586649287,85.05798270429372,met
5,3,0.005022129396312225,497.8786180195309,met
4,5,0.006932662682595145,99.491208561245,not_met
1,2,0.004968067300713644,443.73857026670845,met
4,1,0.004451744136584836,177.64245739404953,met
6,1,0.004976966232017663,330.56817673099835,not_met
6,5,0.005408842742531326,224.0389332211612,not_met
2,5,0.0071599191624908045,138.75259039941216,not_met
7,5,0.005841868528583518,60.32367000442569,not_met
6,6,0.004583993079301439,312.74599663163957,not_met
1,3,0.006383914008875469,252.75635404020278,not_met
2,1,0.007437972585488995,211.3979404427883,not_met
4,4,0.006220127472800703,146.0123943944099,not_met
6,5,0.0048205899233588236,257.8080955560844,not_met
2,6,0.004223156409144004,247.0998034531094,met
5,3,0.006310635354877816,446.24985809085445,met
5,6,0.0068044566658560885,436.9533071033632,met
6,2,0.004226459944462994,380.73118626321957,met
4,1,0.005119525747561963,181.31213138653277,met
1,3,0.00493274426196023,269.60968741673815,not_met
7,2,0.00668851337164284,81.58100873854717,met
6,5,0.0068387686394041775,229.73453337488672,not_met
1,2,0.006999835397526402,445.85816978843053,met
7,1,0.0072259939939735935,67.8474425743943,not_met
3,6,0.004492569590520078,176.3445374259861,met
1,5,0.007227174334415371,213.9503147982037,not_met
3,2,0.006497832458947278,222.55592933806065,met
1,3,0.006745726303835858,338.7983504269135,met
1,4,0.006642732959607785,262.94085110622717,not_met
3,5,0.007199700694118973,150.93414660991203,not_met
5,1,0.0050914669811079815,423.3895890158736,not_met
1,1,0.005909854713580528,280.14049841038144,not_met
4,5,0.006394612622613783,134.68805038627298,not_met
3,6,0.005548498939892144,183.38180903213896,met
4,6,0.006666274269293547,147.8886587422975,not_met
7,2,0.00584778124338268,73.05134826689499,met
6,4,0.004978387380731026,391.74849784577174,met
7,5,0.004082539392398803,52.54111015991046,not_met
6,2,0.0060124537715468065,552.6571743801092,met
7,2,0.005467115086977728,78.98896868526062,met
6,2,0.00588181185381689,501.9486993944543,met
2,3,0.006707870770173014,263.9539355215776,met
6,3,0.00640635627202593,437.7427957270369,met
1,2,0.006052066433666204,334.47370133855617,met
1,3,0.006618415151151566,275.1780332464149,not_met
5,2,0.006488447110588905,516.2002550514028,met
2,5,0.004031365752748143,154.40976770284811,not_met
6,3,0.005320472161451193,317.8004517286532,not_met
1,4,0.00743792511728616,302.10543642280425,met
1,3,0.004592958567890981,357.2023873485324,met
2,2,0.005619227169869159,244.42440004394268,met
6,5,0.005696680117110868,274.4030114925798,not_met
5,4,0.004268363375453641,370.2981046224211,not_met
2,6,0.006106046604308683,176.74415620317433,not_met
3,6,0.005375155892171215,185.66889295502907,met
1,5,0.0042607184876271,230.89158454492372,not_met
6,3,0.004058205616152553,343.0323742541316,met
4,2,0.005180692193398871,165.49312995220555,met
6,2,0.004892708266864416,443.1446150172852,met
5,4,0.006515640135083667,476.92987291001594,met
1,2,0.006995944099856831,320.3458028550537,met
6,5,0.004702202260277544,297.4141436516838,not_met
1,5,0.006179142264946295,199.22788997927492,not_met
7,1,0.0048896471397489585,66.36187594301833,not_met
5,6,0.004828020710035827,439.0085263694199,met
6,5,0.005034422471447156,202.33274840277096,not_met
6,4,0.005518011710683551,274.1061870967745,not_met
4,2,0.006664423108242181,172.28776309255394,met
5,3,0.006308057366646838,495.47035326962146,met
3,5,0.0058152261452251285,104.48020306273783,not_met
5,6,0.0053326808959016665,461.0495698864646,met
6,6,0.004380772838118704,292.27290424739596,not_met
4,4,0.006506102876300695,130.53372777421552,not_met
5,5,0.006664437015591527,249.82818435179752,not_met
2,4,0.0067796235534406165,176.32362644985977,not_met
6,5,0.006650067626110525,231.68397356218264,not_met
4,6,0.00447893460098243,134.5350338355549,not_met
2,4,0.00572810094613255,186.4080085781898,not_met
3,1,0.007299158003407353,204.87539110732618,met
4,5,0.007161418827960299,100.09222132534919,not_met
7,6,0.004089661838969862,51.887199392447776,not_met
3,1,0.0057603162532866,184.89898764388025,met
7,3,0.006130664526466459,86.21714825340152,met
6,4,0.00660116344063129,358.93330470964077,met
6,6,0.006214588265148165,281.6641496711843,not_met
6,2,0.006556921873757629,431.7533834135829,met
6,1,0.0041789483059132895,476.49818823264104,met
3,1,0.006491882509646169,222.3889493703483,met
5,6,0.005380231088559721,454.3870201348474,met
2,6,0.0057810536246784205,182.45549517701528,not_met
7,1,0.005956160867733288,70.28245835916934,met
4,2,0.006983717138394747,190.54005425016672,met
4,2,0.007039947756893169,230.7200822286784,met
1,1,0.00696900624797609,343.93702351525513,met
4,5,0.0047503347170386,135.07958612790367,not_met
7,4,0.004783596868174294,62.70793214485725,not_met
3,3,0.005710378718111892,185.269356241733,met
2,6,0.007461858852450152,159.51766015868378,not_met
2,4,0.004674369692852875,220.3987073615041,met
3,6,0.00419906257324955,133.01728075450143,not_met
3,1,0.00491860109735558,233.24739590633774,met
3,3,0.006115409398196975,171.18116918484074,met
2,6,0.006903280555450133,242.44444540665708,met
1,3,0.006048872719409084,355.0950169715147,met
5,3,0.004879588203408492,392.92235091011906,not_met
7,4,0.0048599196181967575,68.51060054008121,met
4,6,0.004808906989841527,130.91675569890648,not_met
5,6,0.005093449235914057,338.9587717850851,not_met
2,4,0.0049558465497166,215.15358971927938,met
1,5,0.0040574261277973615,177.43679023482028,not_met
4,2,0.005932977649557858,169.7586283703583,met
3,5,0.005387557293647192,134.90005372603346,not_met
3,4,0.006592897659731129,137.08954357842876,not_met
3,6,0.005407802993427461,138.28417558813365,not_met
7,1,0.005779989113905881,91.63935516734264,met
3,6,0.00727833614965989,160.4045413640982,not_met
1,2,0.007014466373051986,415.3160965052906,met
2,2,0.006280089371002696,309.5552933165316,met
1,3,0.00681950045106888,289.70946439015785,not_met
6,6,0.00479049438332362,328.95689270133386,not_met
7,6,0.006730603170482236,53.24178339032534,not_met
3,5,0.005850666623461796,150.37318434287698,not_met
7,4,0.004678478147464627,71.03962517771531,met
4,6,0.00495939263751942,125.57435884236419,not_met
6,1,0.005862850318434052,342.4014196950954,met
1,2,0.007188444014201794,486.2656317967313,met
6,5,0.0049057625710998715,253.41466982899587,not_met
3,5,0.0043068268850546924,128.5848181026863,not_met
2,3,0.005059854598448862,207.03902318119577,not_met
7,3,0.007034056846181557,69.16353027120411,met
5,4,0.0060140076215216475,473.8893674915511,met
5,6,0.006722579746787336,332.84224628183927,not_met
6,4,0.005803693446201803,358.60712816497335,met
6,1,0.0058023949772443495,383.8884189516818,met
6,4,0.006961201580449151,325.5766613553644,not_met
4,1,0.005639457654976064,146.28450259522484,not_met
6,1,0.004205925832771606,444.46937012545806,met
1,4,0.00480654224637851,302.13718807069046,met
3,5,0.006683408192691477,148.4547292412511,not_met
7,1,0.006872989803807182,69.99940346477463,met
4,4,0.005742521236788785,134.9920576379433,not_met
7,2,0.006964025315589036,103.01841230370091,met
5,2,0.005598842578669266,631.5402552111458,met
6,2,0.004940826051999428,437.1365898883532,met
6,1,0.004637468519798684,315.92685911116706,not_met
3,4,0.006460026507455887,151.44336132896575,not_met
3,5,0.005461859090453933,126.49455800498717,not_met
2,5,0.004263808630920221,164.6310014540432,not_met
3,3,0.005095983204724341,175.84186888624808,met
1,5,0.007316556376687145,185.90405029757576,not_met
4,5,0.006126519793474796,97.11266044029072,not_met
7,1,0.005402177991349278,83.85163320069407,met
4,6,0.006030016239694676,177.03112142072828,met
7,3,0.006477076702777295,73.2451017008469,met
6,4,0.007090580508210543,304.67720417503807,not_met
4,3,0.005839524671819473,142.9190344230512,not_met
1,4,0.005763179246080605,293.4024272099546,not_met
5,2,0.00473303609630224,467.2392589299274,met
4,5,0.0061264176927819745,113.11884638720446,not_met
4,1,0.005714039479598784,167.4758387063601,met
7,5,0.004825967150063833,55.789075898311154,not_met
2,3,0.005309294058613288,238.35144940478995,met
3,6,0.006947710889626303,193.95948778283352,met
5,4,0.006211764902091094,424.9206814515709,not_met
5,4,0.007151058956183971,362.83439793940244,not_met
3,1,0.005175729994864685,205.6868096690357,met
6,4,0.0068931488841926835,376.9920011934568,met
5,6,0.004184312511611765,449.73219826560654,met
7,5,0.005664813381039605,58.2682526852531,not_met
3,5,0.004754385997118406,146.47837942257146,not_met
3,2,0.005703539593357729,248.18083342203198,met
2,1,0.00563392038196194,278.66352350593786,met
7,4,0.004365658668071582,68.82860293894866,met
3,5,0.0055773090243741745,125.81544773436529,not_met
1,4,0.005791620720433281,313.83773355069616,met
4,5,0.005502691320143592,114.28419371135622,not_met
7,3,0.0072185649228223734,63.319545778090536,not_met
7,4,0.005718065784099328,57.29030253694493,not_met
3,5,0.005829197479153487,134.91071177258735,not_met
1,4,0.005033374005680364,288.52945485695733,not_met
2,4,0.006829903504785546,217.5789200236943,met
7,4,0.006555173101365104,57.181750988415665,not_met
1,4,0.007005483369543675,324.7067480900696,met
4,2,0.005597826262014625,183.61349795708512,met
5,2,0.0066163817415667665,694.1744187730316,met
1,3,0.004201536076559185,317.9230790041719,met
6,5,0.007162538295042916,303.6462519144061,not_met
7,5,0.005749977774863894,46.33245002790238,not_met
5,2,0.0046861116431059615,699.3093359030162,met
2,6,0.006369118552978818,194.92562767368145,not_met
3,3,0.005614798083270691,208.05193465247865,met
6,1,0.00528591423886626,470.9945957000442,met
6,5,0.005519782102499919,222.39196302762693,not_met
2,6,0.006773057365232395,181.63504205101876,not_met
2,1,0.006572729044684383,257.31306168733767,met
4,6,0.0048520924078072885,121.4795843973219,not_met
6,3,0.006068738136691267,406.84905295833,met
2,1,0.004878671352697095,199.95881883457685,not_met
4,4,0.006244319255563676,122.31195512129473,not_met
7,2,0.004830549623181737,97.9921401677191,met
6,5,0.005441395745794742,274.8469184269562,not_met
7,2,0.005840084338408962,79.28062310933961,met
5,3,0.006423110288333691,368.7036926007097,not_met
3,2,0.006826634218889323,250.97939946056323,met
3,4,0.007427632837422603,155.82820984455896,not_met
4,3,0.0053636193171021085,197.33789472982446,met
1,6,0.005619161958862347,342.93965230365137,met
4,4,0.0052760660495496286,152.94601641428844,not_met
6,2,0.004348270978819656,421.8692305123018,met
2,6,0.004784324099062721,212.51211464537053,met
3,3,0.00726023104464213,187.35636651520522,met
7,6,0.006748713261716015,74.32391073670567,met
6,3,0.007496662526426575,435.638589919011,met
3,1,0.005414558266732593,163.22816707989531,not_met
2,1,0.005186746241880782,219.6053390373464,met
2,2,0.007394687448458126,277.695135045617,met
1,5,0.006450639986651412,207.7145878495877,not_met
5,4,0.004003224576123104,421.4196252750545,not_met
2,4,0.004129098077271169,214.0719846140978,met
2,1,0.004123121577273203,252.5012072889605,met
5,1,0.006887471916930102,569.3238794563983,met
5,5,0.005569117436189272,247.14485869041627,not_met
4,3,0.00443699134240726,126.53131768208982,not_met
4,5,0.006079267578259932,105.97758259223644,not_met
4,6,0.007047763049070664,143.24054618281266,not_met
4,3,0.005474396375968202,187.3087801817692,met
6,5,0.0042666914781853025,264.27139102419056,not_met
2,3,0.005224110315834854,190.74139035089158,not_met
5,1,0.004058952595507457,537.149735280988,met
2,1,0.004192466997863223,199.13511446569748,not_met
7,4,0.005120591156258909,64.62182351297665,not_met
3,1,0.004156003966032174,236.7518084687237,met
5,1,0.004842505717748002,489.1673014503758,met
5,5,0.004907730146246919,358.5929725703446,not_met
6,1,0.004656741675106235,418.36935788780715,met
1,3,0.006807356584097679,276.7726411824909,not_met
4,5,0.0061587251565302405,90.75475223772762,not_met
7,6,0.006141717299520671,68.41571373971992,met
7,2,0.0066784990781847894,103.49669691807986,met
7,5,0.007153068238090968,60.13377826750534,not_met
5,4,0.005991059728642443,334.6705341935112,not_met
6,5,0.004695621966967517,202.4204797600748,not_met
1,1,0.007350670719422947,421.69332761486373,met
5,3,0.004643756291677313,423.20242296637053,not_met
3,2,0.006698262845103281,265.98493294372963,met
5,2,0.005396487976697805,710.6364367966129,met
6,1,0.004286298118944155,412.84212832164843,met
5,5,0.004111652870860352,375.4546316204564,not_met
2,6,0.007021483309486004,195.91253232631814,not_met
4,5,0.006831140555534929,93.40086168629671,not_met
6,3,0.005387126794397763,332.5666857608195,not_met
6,6,0.006362522983698409,253.97477310633525,not_met
2,1,0.004613011427339518,265.5497482765909,met
7,2,0.006378705947278036,78.88840844693877,met
4,4,0.004044441135776425,142.15905636490402,not_met
1,2,0.007422876040899011,469.55325094593815,met
2,4,0.0041879679041068926,236.2887786576362,met
6,6,0.005552361539147364,313.45718721190167,not_met
6,1,0.0048669965195617575,425.04060602415484,met
3,5,0.00465175240825352,110.1197406737947,not_met
2,4,0.0067184518679683615,235.97864113863514,met
4,3,0.005121991815461281,183.232343823115,met
2,2,0.004496005694414687,292.1855935576626,met
1,2,0.0070843594100028886,442.46178167040955,met
1,5,0.007184222896805594,238.74533618071285,not_met
7,2,0.006608717423390622,84.36896378926042,met
4,5,0.004622641425854003,105.29106425345879,not_met
3,4,0.004368141350130549,188.269641943023,met
5,5,0.007277873509079949,299.6618940634884,not_met
5,4,0.004892461469648698,355.327456913597,not_met
6,1,0.0062148105545201515,354.5323271383398,met
2,2,0.005365418462438526,303.74182779010596,met
4,6,0.007242681184966749,125.49564506575663,not_met
5,6,0.006991170514964925,346.8663212241293,not_met
6,3,0.0074447307398797765,411.9183260860513,met
3,1,0.007338910718732794,190.87355733394642,met
6,1,0.005152660655518412,416.21827585765806,met
2,6,0.0073276502083526145,191.26991860999348,not_met
3,1,0.004232724814006641,218.39592333433487,met
7,3,0.006240617563232802,83.25535093010143,met
6,2,0.005997388234366762,399.5790811558417,met
7,6,0.006297905277035783,67.02154748791953,not_met
4,1,0.007321651861713017,205.5892862120601,met
2,4,0.004592854726910166,211.49924503920906,not_met
4,6,0.007163252279133815,122.72447779439834,not_met
2,2,0.005785459574316495,331.58571174674216,met
1,4,0.005069700089880833,305.7827494214169,met
4,4,0.005864151623872624,172.81039695691612,met
4,2,0.004509791204612705,228.59661122287858,met
2,4,0.005161480043477085,176.16623406554106,not_met
3,3,0.006485339096913887,203.23562477541878,met
3,3,0.0060295400384430325,187.09991536984518,met
3,4,0.007289707366410711,132.58057574550926,not_met
1,1,0.005564432438615419,320.5822218410054,met
7,3,0.004498426637705934,80.08079057559614,met
1,2,0.005189439971583754,450.8482166402542,met
6,2,0.006769999071622219,556.1156066306992,met
5,6,0.005709637641531521,404.2870737349636,not_met
2,5,0.0071879198710424795,148.62660043485184,not_met
5,3,0.004751287530698337,468.4996596858811,met
7,6,0.006807905557876085,59.06206775504989,not_met
6,1,0.004061961104367126,405.3579671174604,met
3,2,0.0071621411629846895,197.02689033633297,met
6,6,0.006837899691652948,277.4167341215569,not_met
2,3,0.005182252080069959,274.8315029293959,met
5,5,0.004198988990122235,330.6066281093259,not_met
1,4,0.005868752672720556,324.72196141646873,met
2,6,0.006548026976280408,202.9003465561825,not_met
7,1,0.007459538972473477,65.4104238958972,not_met
1,5,0.006133674719086421,190.9639749614069,not_met
1,1,0.0046259876860222735,327.8100125163279,met
2,2,0.00432717889043578,283.73283307688394,met
1,2,0.006894784790930246,325.29900323172586,met
7,4,0.006328686620342012,72.6217556012431,met
2,3,0.006720856957720936,212.48695949834075,not_met
6,1,0.005109774937245381,455.79215500629465,met
3,3,0.0066839037653980745,201.88522062789133,met
3,5,0.006410097673819671,104.1497270215998,not_met
7,6,0.0055768543532537735,77.69236092431396,met
4,1,0.006882152439387067,143.2532208177842,not_met
5,6,0.0046006406183411366,453.5470665496572,met
5,1,0.006146627616389559,595.7620671947286,met
7,3,0.004367563510832372,67.98189762545198,not_met
6,3,0.006587815118121658,317.2050468958535,not_met
6,6,0.006544313591312793,294.2475853098507,not_met
3,4,0.007072705950214679,136.9363065048504,not_met
5,6,0.006952919304903596,485.14579028382076,met
4,5,0.00641066945202661,131.31010351735608,not_met
1,3,0.004539567996666686,378.83183108915625,met
6,4,0.007234160184666524,357.2790839217656,met
6,3,0.004948785119995004,403.5630501405099,met
5,6,0.006761204137621477,444.7113974521636,met
5,1,0.006698238330436404,417.7582608440749,not_met
4,5,0.004441873690536084,127.71669572093938,not_met
4,1,0.004942556556094771,164.69135162097325,met
4,4,0.005329639332143432,148.0227952526376,not_met
7,3,0.004460883879769557,59.53855686845954,not_met
5,1,0.004983282633357932,506.74857821898337,met
3,2,0.004757429979553669,208.71311258716858,met
4,3,0.005002373351460097,174.68351121051674,met
7,5,0.00604484628933553,57.43433573641081,not_met
1,6,0.004445485785007619,253.82364594712425,not_met
1,5,0.007051938386844432,183.59142077783812,not_met
4,4,0.005151623211767165,127.4661819791578,not_met
6,2,0.004140045091011063,429.99850901789534,met
5,2,0.004968709343148257,539.0364437432085,met
2,1,0.006201759587257726,292.2976850122667,met
1,4,0.0053341969288037295,237.74435042018945,not_met
6,3,0.006055647607489712,297.62762746865377,not_met
3,3,0.005165075708504286,161.87278045744205,not_met
1,1,0.006601580715813228,373.9693861659397,met
7,6,0.006056982951360008,60.302595726451784,not_met
2,1,0.004206143287896028,240.4342094873238,met
3,5,0.005057613639937896,130.14904874559306,not_met
1,3,0.0064723290775534886,352.36964287689995,met
1,1,0.00669431638110493,302.96501647406956,met
3,2,0.007481623827664589,237.95481194083987,met
4,1,0.005592669254767163,143.54840752179976,not_met
7,1,0.005904971544847763,69.45081819289011,met
6,4,0.00601930272305861,298.67973872680903,not_met
3,1,0.007157526109907921,241.4448105287967,met
1,6,0.006981440521692895,242.0739193296937,not_met
1,2,0.005287863192866268,384.5058901430197,met
6,1,0.006240928718548462,386.1745134070869,met
5,4,0.00505118826955799,371.82854443248374,not_met
6,6,0.006573507413441796,343.56902488585604,met
2,2,0.005188965440659541,300.56380804534757,met
4,6,0.0051250323021060345,174.64391816654893,met
5,2,0.005835736599213388,702.8961166502108,met
7,3,0.006721213443692556,87.05085678675908,met
2,6,0.006135670016533466,180.77334722290962,not_met
6,3,0.0042913396802736654,403.24845322709075,met
1,5,0.006529780967785066,252.79770054413063,not_met
6,4,0.0054843051352713385,277.94705324965076,not_met
6,1,0.007498557741527063,469.5103927957663,met
4,3,0.004279899067686423,192.83011300638222,met
3,6,0.004462248404324322,164.6702029401872,not_met
7,1,0.0053160902844631595,74.23836658477775,met
5,5,0.005813104807497361,369.5024324455841,not_met
2,5,0.005316314563478435,182.70084558762673,not_met
7,2,0.006582312584935161,75.56310136452721,met
4,2,0.004960215888708879,209.23447795786112,met
6,6,0.006994294548054967,339.4663683885669,not_met
3,3,0.004717396977814032,167.13160999629008,not_met
2,2,0.006596920300700736,305.43680386034845,met
7,5,0.004648222915272339,49.74463713438638,not_met
2,6,0.006918919943704986,197.95301183610516,not_met
2,1,0.004830134179619313,282.48817370245297,met
2,4,0.005006426421247771,247.4517623426066,met
3,1,0.006915847709165805,190.2117165452984,met
7,4,0.006795794456384103,74.64983214059458,met
4,4,0.0055200491714951175,119.28115851920278,not_met
6,6,0.004533123650259823,361.82503617146114,met
4,2,0.0048094306662034994,251.06148202751712,met
2,1,0.004028675370055334,248.15730271495755,met
5,6,0.00654102616174885,391.64225930437635,not_met
3,3,0.004958072819252027,144.3579100660172,not_met
5,5,0.0063744768810521804,283.6852277282698,not_met
1,5,0.006031029513951807,251.39565996078346,not_met
6,1,0.006348637217237497,370.17319206859304,met
7,3,0.005807345626781625,75.26746745325335,met
3,2,0.007090815197395033,196.22447000861527,met
4,3,0.004414105026362333,135.24100588277375,not_met
2,2,0.007442829028501043,250.5919543879665,met
5,3,0.006540572568874359,383.92833151352613,not_met
4,4,0.004550003074194139,158.92074837099008,met
1,2,0.007121028443044782,329.45488388813595,met
7,2,0.006813669620967782,110.04029279634597,met
1,6,0.005601155982676032,310.0949487186857,met
5,1,0.005005244044589738,535.1691716692751,met
4,1,0.007219144229445285,147.62676251622003,not_met
6,5,0.005611631839181656,307.42224661639926,not_met
6,6,0.005194705063505293,382.34219933084654,met
6,4,0.004643151537957293,305.7331952058188,not_met
2,3,0.005198193512761431,274.69131055869593,met
5,1,0.006328251043852525,467.2977193974063,met
4,4,0.004929401349412569,130.55170700348083,not_met
4,2,0.006061340720605881,177.59803979315092,met
4,3,0.005644642840141875,147.90664761107678,not_met
1,3,0.0070723889019414805,290.068550894703,not_met
1,3,0.005398166029009889,354.92891406438093,met
5,2,0.006285908464050521,538.6808819236476,met
5,6,0.00446700889611071,343.1383120208459,not_met
6,1,0.00639874722394976,383.1708529845879,met
4,4,0.005426502283288686,124.25895297885555,not_met
3,5,0.004756612324095788,112.34289440323013,not_met
5,3,0.007137167675538162,500.6892649835567,met
5,6,0.005648822077248937,361.6385412352703,not_met
2,6,0.004467092336058914,186.7590723977956,not_met
4,1,0.0065692804514411625,205.9965828579303,met
2,3,0.005069747896261537,188.14031224746319,not_met
6,1,0.005449824412646937,409.06596377906527,met
2,3,0.007063544823675612,252.48548044803698,met
5,2,0.005712026745438443,524.8468411575294,met
5,2,0.005524857621425369,631.4361958643302,met
7,4,0.006665976907898095,68.75076945724224,met
4,5,0.006979132692476065,108.90347445638724,not_met
1,3,0.00401593406518495,338.0120244250792,met
3,5,0.006276043571054102,115.07219948721651,not_met
3,3,0.00517568219948797,212.09600434703643,met
5,6,0.005720115403374544,469.97862070610347,met
7,5,0.006975604826146255,52.83967017876163,not_met
1,3,0.0041376771155877115,328.93889993919714,met
5,3,0.006141757307989389,441.9165972828993,met
5,6,0.006566007613107629,454.8002404423811,met
5,6,0.007264717443674916,463.85034809217956,met
4,3,0.005093003574628187,187.22196301710244,met
5,2,0.005443781276709754,628.5729789175615,met
3,5,0.0074555226222786635,99.91264231244881,not_met
3,1,0.004733286986431196,210.13814538821424,met
6,2,0.006153764572175744,440.36609640670457,met
6,4,0.0053015487611398635,264.65956991520335,not_met
2,5,0.004430284559087928,189.41767970360146,not_met
2,1,0.0049622549492631335,226.61493450464718,met
3,2,0.004881337523760946,241.74847557970287,met
7,1,0.00456386864758962,95.94233282541732,met
4,4,0.005782650796069608,171.6271384351707,met
2,4,0.006659203572554441,168.77349347337267,not_met
5,1,0.005374355388924561,468.1193767417514,met
3,1,0.00731016872276408,165.47997786278438,not_met
6,6,0.005089060963323762,356.6770060440291,met
7,5,0.006242302383785718,45.50517354749015,not_met
3,5,0.004950354655936244,135.07052905456285,not_met
3,3,0.004377618116512083,182.7881529982553,met
2,6,0.004486651902634885,175.08784616394357,not_met
4,3,0.0057192253996998284,166.78534787515505,met
1,1,0.006531597994875083,403.10701566142717,met
6,2,0.005338797619400602,426.23182492593503,met
2,1,0.006862542916028973,262.03836405750735,met
5,4,0.0066824531824500955,375.6615061720043,not_met
6,6,0.00402873540618113,389.79577839110743,met
6,4,0.007489285563133251,357.8329486714788,met
3,4,0.004115941150051053,193.68960980787443,met
7,6,0.006952462336839413,67.55247199776687,not_met
5,6,0.005491542105433908,463.92642847279546,met
6,2,0.005793074812388904,415.79691168486846,met
3,4,0.007412587117922648,133.99057013320245,not_met
1,1,0.005000458112409879,371.2307290643937,met
5,5,0.007035194683506818,318.1601012628841,not_met
2,3,0.005027015236083978,269.0117166887961,met
5,2,0.004918686067560982,575.0839664281797,met
6,4,0.00413139070760256,262.3766410600284,not_met
2,2,0.006887792932055688,310.04716982856127,met
2,6,0.00719605582771415,240.47436176777958,met
2,4,0.004492085402688439,179.30648790377532,not_met
7,3,0.006060911354723368,68.7895091619965,met
3,6,0.006739289544568789,178.28652885126365,met
6,6,0.006565265518873197,271.35652782008333,not_met
4,6,0.006920669107354121,133.48156541546257,not_met
4,4,0.005508182581132457,130.3514867911483,not_met
7,3,0.005431620606580675,66.086255458684,not_met
3,2,0.004606352604159038,284.7402109954245,met
4,1,0.00475029993495844,165.6232883886976,met
3,5,0.007261436162414286,152.6912359841841,not_met
3,2,0.0067365900422769595,248.15830698532486,met
6,3,0.005032569510782557,377.6468768196587,met
4,5,0.005652251536457639,108.55980058831732,not_met
6,3,0.004146510279389264,333.3469928507605,not_met
4,6,0.006527594527407539,169.88711265861525,met
7,5,0.0063968782234928405,52.83596369076639,not_met
5,3,0.00685326687334368,387.4683954708035,not_met
1,4,0.004567024148872808,290.04442207916003,not_met
6,3,0.004147145224014732,306.7918288751253,not_met
5,6,0.004307124183798011,376.149321545761,not_met
2,4,0.004994461627824001,192.41973848433673,not_met
5,4,0.005683481194853523,438.93274175467866,met
3,1,0.005802268758062146,236.18834718255496,met
5,4,0.007009716443932662,450.5034075085063,met
3,1,0.006455132189806493,199.5941347532079,met
7,6,0.004676197445638461,52.02907782040745,not_met
2,4,0.0054472338693749974,176.45648353403604,not_met
5,5,0.006846760334434795,327.27718508921294,not_met
1,2,0.005933729280770996,469.03907735968704,met
7,2,0.007031402080031747,76.7004165929872,met
6,2,0.004046930259036232,497.29715799859855,met
5,1,0.007460201556936004,441.60976935940226,met
1,3,0.005826015008721038,267.39651546810603,not_met
6,3,0.005500903923497223,329.20432710309063,not_met
1,6,0.005249991063878757,240.888039251813,not_met
2,2,0.005701327621570653,249.8219729729618,met
3,3,0.005611612507930852,142.16367078483012,not_met
7,3,0.0055032415335973025,80.45519568071003,met
1,4,0.004532904566398358,258.9294044458198,not_met
4,1,0.005094201941246493,194.7933216007163,met
3,1,0.004115990660786693,226.92281377020413,met
1,2,0.004516348772236698,352.55476741961104,met
6,4,0.005329819584730318,352.9247843174175,met
6,3,0.005695113368087547,321.5554219828052,not_met
3,3,0.005876390116630401,164.66322012624894,not_met
4,5,0.00551837544714288,101.04654156505195,not_met
1,6,0.00667234676102578,247.64985052482768,not_met
2,4,0.007171425058598035,186.28190373338427,not_met
2,1,0.006106289153574806,274.6525513970342,met
7,4,0.005338324449935976,73.3663356972037,met
4,4,0.005303070728707738,132.0234050083174,not_met
1,5,0.0072854675956983625,230.8886502931426,not_met
6,3,0.006224919629062046,335.1400410804091,not_met
6,4,0.004978389856290281,265.9589021659395,not_met
7,3,0.006139755344932626,83.46197148152017,met
5,2,0.00733653540873683,633.2017918055175,met
6,5,0.0070010952256548235,262.04227580489606,not_met
2,4,0.004434822677202984,198.54076920972798,not_met
7,1,0.00553717621503781,70.30797060975645,met
3,1,0.005616042535256166,208.5289693542374,met
4,6,0.005847873716479268,173.48640655916225,met
4,4,0.0062399362807759136,114.62714012080717,not_met
1,3,0.004868381210231364,272.02133023607024,not_met
5,1,0.005013078462826949,439.1060751492665,met
4,5,0.0042797497475698795,125.58072196736991,not_met
3,4,0.005096769552873192,172.2548752979966,met
3,4,0.006331485431877968,173.73505464798427,met
6,4,0.00520479529631364,318.33308180648095,not_met
6,2,0.004277668812857713,571.3555990551071,met
1,6,0.004969442127841851,345.4893127900986,met
5,6,0.0074319885764929025,469.18177360198695,met
4,3,0.0043778376780130735,169.29005037857942,met
7,1,0.006118147845203182,74.10683476333412,met
5,6,0.005167169842391067,317.0181818463692,not_met
7,6,0.007160065281477679,58.84895123157988,not_met
6,6,0.005242342275946916,343.4245475356553,met
7,2,0.006667904134060609,100.12579782861047,met
5,1,0.006329391788121253,466.8868298822436,met
5,3,0.005864545454159138,385.97545479226295,not_met
2,2,0.006169952466397412,233.67600021376006,met
5,3,0.00404775471859304,467.7592113243077,met
1,3,0.006034382605662737,379.5327585804994,met
5,5,0.005619671920563432,330.5886257148602,not_met
5,2,0.006771347797060043,701.8718818570877,met
5,2,0.007186769311442222,713.9117521536866,met
6,3,0.0040176420125788564,313.3127328920637,not_met
6,5,0.004421455283626332,226.4851679243804,not_met
2,2,0.004037194459846113,256.9575077106886,met
4,1,0.007035215653696278,190.26024699312558,met
1,5,0.00525145271785302,267.34753803502537,not_met
3,1,0.005647415797728299,179.21220455200103,met
1,2,0.004715509661651578,360.8015603345431,met
7,1,0.004830996462958645,92.22357006872626,met
7,1,0.004130547012171405,70.25351018670031,met
4,3,0.004812622427902204,150.9742790831206,not_met
7,3,0.005185416707838597,82.5213181406768,met
3,3,0.0072089362821931915,203.6369211484658,met
7,2,0.006447741019683171,99.57887916213389,met
4,3,0.0072172175716151594,174.79988410597977,met
2,5,0.005981074748166526,164.77929430099906,not_met
6,6,0.0052440243800395145,301.5922009184338,not_met
6,3,0.006586108324245906,333.68207498900614,not_met
7,2,0.006839754037778021,76.84052566158418,met
3,4,0.004624679669427799,170.3061137119237,met
3,1,0.006336302484975271,222.16885059348667,met
5,6,0.0061432437947013625,382.0462209231696,not_met
6,6,0.006343197729822825,295.20563419113256,not_met
3,3,0.006120842909858444,217.27498623861175,met
2,4,0.007102080493716603,201.978491916577,not_met
2,6,0.005320382570688868,246.054583604398,met
4,6,0.007376409250415621,169.47841574471022,met
3,6,0.004888574568997387,162.33624408468913,not_met
7,3,0.0056168292332835264,57.560991569896025,not_met
2,2,0.005905686167473247,271.4920031297774,met
7,6,0.007227110083535849,52.68887899799398,not_met
5,2,0.006050118217787297,509.61059679800456,met
2,3,0.005210794378463676,247.18687560600543,met
7,1,0.004855611773866483,83.35631618105877,met
3,2,0.0056644649224956035,184.2699641090985,met
1,2,0.005237143987381858,472.7560400021856,met
5,6,0.00485328471262489,320.049182923955,not_met
7,1,0.0056130806020875034,96.7035151882789,met
4,6,0.00602717901916661,153.56557539884653,met
7,5,0.005574006200200423,60.12306908674845,not_met
3,6,0.004259694607006544,146.4299060784659,not_met
3,1,0.004376236534212439,219.8235627911899,met
1,5,0.005936156793846004,245.30048149293555,not_met
7,4,0.004620769122350959,70.04365003513728,met
7,3,0.004870482644301023,77.51262217686745,met
1,1,0.007116759735513936,326.05187846335565,met
4,1,0.004852080230172586,154.59369552744633,met
7,3,0.005249069874432835,57.87279072979052,not_met
7,5,0.007367375006969872,47.609670878590094,not_met
1,4,0.007431041157576372,323.55037783932556,met
7,6,0.005157201742712036,66.84128791311593,not_met
4,6,0.005977262322053777,123.17972439207436,not_met
6,1,0.005564975621448067,348.3498832197904,met
1,5,0.00595916196086215,240.8269524532523,not_met
5,3,0.0063563692477533245,385.95218733965385,not_met
5,4,0.007023809741228643,383.1304395305102,not_met
4,6,0.005003716368684297,140.71888285097117,not_met
6,1,0.004542853184387595,396.8250189419471,met
4,2,0.004207877280413364,178.88873621031644,met
7,3,0.007139154656459838,69.90447320645022,met
3,6,0.005224735533780112,144.11369056431704,not_met
4,1,0.006742700377850053,202.13660609339547,met
6,1,0.0063575799671987294,388.14635893042146,met
7,1,0.006376674328720229,67.1283708274567,not_met
7,5,0.005578369126636304,44.01787556195394,not_met
3,5,0.004619487119452394,132.19618260178595,not_met
4,2,0.007090420097043618,223.44423513791105,met
4,3,0.006762835022939934,129.34362927181408,not_met
3,6,0.005730905086541304,185.12906251954217,met
6,4,0.005554936156393377,279.9547939267456,not_met
4,3,0.0044923902673129745,169.80892335407583,met
6,5,0.005907660896284678,220.1431340321503,not_met
7,3,0.004736096455021334,81.8505776993212,met
5,5,0.006484063374748228,367.5718530142048,not_met
2,2,0.006092020464726525,289.5348773499284,met
4,2,0.004527235767044235,237.67325284782416,met
4,3,0.004891558461039496,128.7768242751571,not_met
5,3,0.0042127365889492825,352.3889492958777,not_met
1,1,0.005135144681002134,302.2120114063872,met
2,6,0.0062008813752071155,236.25266958968925,met
7,2,0.007335386860416627,107.38696580349507,met
2,6,0.00410318944913629,240.93381672533434,met
5,5,0.005331388141794912,339.1236636922414,not_met
3,6,0.0042211345987022714,181.31340635552255,met
5,3,0.004585846594218198,478.99451555061387,met
4,2,0.005091929406298614,189.0321395557414,met
5,6,0.006829465054236728,381.23790210566557,not_met
5,5,0.007475869128552623,259.70790833735344,not_met
1,3,0.004535111035214319,319.2580751731412,met
5,6,0.007384217638032024,336.06417458457355,not_met
4,1,0.005031066399915982,175.29614421034836,met
5,2,0.005178403295134232,538.5325013772881,met
5,4,0.00449440239122194,456.5564568159408,met
5,2,0.005589502185221074,555.8390317285875,met
5,2,0.006491146306520134,620.9467652813098,met
4,5,0.006370088746315306,117.64541183277012,not_met
6,1,0.0061960632401378175,462.82789505331664,met
5,2,0.005532362063281469,582.0244489756567,met
4,3,0.005756064139024706,191.8799821140581,met
2,2,0.006267028016988027,332.1910718296609,met
5,6,0.0061174902177360884,345.95557497882055,not_met
2,5,0.0058403422763314405,190.62040320242198,not_met
2,6,0.004834187697670977,201.00128787592453,not_met
4,1,0.005805563915120571,155.9925335733638,met
1,2,0.005236977356992939,362.47722420171834,met
6,1,0.00608680594610557,405.2639984926674,met
4,3,0.007315498765610741,163.50100832495454,met
6,6,0.007308705852366693,264.66777632832355,not_met
5,6,0.005464172708027792,335.3524227842259,not_met
5,2,0.005250111075475161,638.7253795778989,met
1,1,0.007338047535506601,406.39266362000353,met
7,5,0.0050353075974385745,56.08121364617702,not_met
1,1,0.004152790304638269,383.35446245040595,met
2,6,0.007132170013587474,158.4277189665244,not_met
3,6,0.006960348212594333,161.42841768467017,not_met
6,1,0.006747651965447989,395.0770388362014,met
6,2,0.006262268794054794,370.26818163577155,met
6,6,0.004604697924118369,276.32216871268304,not_met
4,6,0.006093776745763104,147.52328068203806,not_met
5,2,0.004760910879605754,629.6771178108343,met
2,4,0.005133945781031773,224.16717132126772,met
2,3,0.00435801081721727,191.17788062510593,not_met
5,6,0.00429757386126718,443.573109473834,met
6,4,0.007370678725160961,312.4120002681709,not_met
6,2,0.0062225342343071935,384.8011851426487,met
4,2,0.0063272601572306,224.77679950605554,met
7,2,0.005826647627926381,112.76551538670331,met
6,2,0.005754801975006941,554.8511978238183,met
2,1,0.004101680919741557,264.91370197415165,met
4,2,0.004358868075583483,173.01193313654022,met
2,4,0.004258310762117569,191.80285853383577,not_met
3,4,0.004726276570373933,184.71642806412132,met
7,3,0.006979887626414135,85.22087554452662,met
6,6,0.004444965975101923,258.13110115263487,not_met
5,4,0.005742981817096878,384.8438246498689,not_met
7,6,0.007313353913982004,72.52733112264514,met
4,5,0.00566177525159837,109.6561619941961,not_met
1,4,0.004871149588689991,244.0339315020611,not_met
2,1,0.0065125564919375255,221.4604009830547,met
1,6,0.0042808255717002985,322.22814949266655,met
7,2,0.006420111303308779,88.55775776878413,met
4,4,0.007490432146872487,137.78379704295298,not_met
1,5,0.006852057580188251,195.72041502128846,not_met
5,2,0.005345624676981533,519.2325315696164,met
6,4,0.007101922535316993,312.44638189034225,not_met
7,5,0.004982173656481106,49.7290206451334,not_met
7,2,0.0052079673817457236,100.35286705774301,met
6,5,0.004226473969981221,270.5305639240473,not_met
1,1,0.007156683136473423,280.1444877870846,not_met
2,4,0.005086512428212808,164.54060395464617,not_met
3,6,0.004353426872932502,173.90844304439293,met
1,4,0.006800015733679385,319.02666167077507,met
6,2,0.007265098593859622,517.6577084594237,met
7,3,0.006862323667627096,71.8295667633946,met
7,1,0.0069868276781129635,74.34041955490143,met
7,6,0.007076426229205316,58.59777065157232,not_met
5,4,0.007251233102502342,415.7090768467387,not_met
6,2,0.006721929654499225,474.9262808088187,met
3,2,0.005614330359604882,185.96346610437834,met
6,3,0.005476350643575881,337.6869784610537,not_met
4,6,0.007092611308354289,154.63347262316685,met
1,1,0.006344864515752442,284.8609713707287,not_met
5,5,0.006720664444304483,245.051713411984,not_met
1,5,0.00720809854888275,236.90950089294094,not_met
7,2,0.006992949452439678,91.73648730343385,met
4,1,0.0044543544665110535,170.39084115629106,met
4,6,0.004513819356277877,175.44235834968558,met
4,6,0.006588566387419647,146.42198728240731,not_met
3,2,0.006179213105534749,195.74341001875752,met
6,4,0.004647997607253477,312.0073393223813,not_met
1,3,0.0052667087331786525,261.03817607189984,not_met
2,2,0.005774736190579919,340.9680373622821,met
3,1,0.006670868087625215,178.86472466612102,met
5,1,0.00413684555464702,558.2973741530924,met
1,5,0.006733410118685773,233.31003721906185,not_met
7,4,0.00543412774292375,73.19199131187533,met
7,1,0.00526985899449924,95.9789649536562,met
2,5,0.0065111187232990385,142.87306204740077,not_met
7,1,0.004004767354595214,90.05843159574795,met
4,6,0.004144383268896793,155.84072475318595,met
1,4,0.004968257091745971,304.7540793849132,met
6,2,0.004145022712295607,508.52311253427496,met
5,1,0.004034232780663285,575.799909433205,met
1,3,0.004484019142064475,257.6363251376243,not_met
3,4,0.005897850398918159,153.6558211989566,not_met
6,3,0.005107619648796571,400.49033501900044,met
4,5,0.007473764505967024,122.38062937392485,not_met
7,1,0.004786217724628021,67.74446685995308,not_met
1,1,0.00521706560063974,287.62884689200655,not_met
6,2,0.004039847475018894,466.404830880952,met
5,2,0.004900337910230607,513.7697921833507,met
4,1,0.0053084108952550346,208.54538805411784,met
7,3,0.004867320785919786,68.98409419637603,met
5,2,0.0070630768192072695,700.8318150140249,met
2,5,0.00536474708330008,125.93280959057343,not_met
5,1,0.006387486597373852,389.6366543397449,not_met
4,1,0.0050880167970005835,148.03992094227482,not_met
4,6,0.006268660617145515,162.3628804983391,met
2,1,0.007196472826013183,211.79139725623003,not_met
1,5,0.00555318032652421,182.91912626853374,not_met
5,3,0.005705787918726115,489.1547425824449,met
7,5,0.005780821900445331,49.108375705547274,not_met
2,2,0.007488537297681763,231.77213022266332,met
2,1,0.007367784167166665,281.00425372800265,met
7,2,0.006994771311214829,86.93464192863482,met
2,3,0.005013309077380822,206.7132204460764,not_met
3,2,0.004046296526458482,182.2113770567774,met
2,3,0.00429338825445391,180.93819451691107,not_met
4,4,0.00643714957356465,131.63193302084116,not_met
1,1,0.004160474277500231,370.13195655071485,met
1,1,0.006777251926326476,411.82932328545144,met
7,6,0.00735412162495976,52.87718243774027,not_met
4,5,0.0050049083601450585,129.94010797881478,not_met
2,1,0.005065112711599226,237.1472476906146,met
3,2,0.006457298510521106,186.4467519762691,met
3,4,0.005583501197180303,169.4584045482419,not_met
4,5,0.00686816137312384,107.09635364634661,not_met
3,5,0.005751392721270043,116.36005363949424,not_met
4,5,0.005918679768116584,118.38103205100273,not_met
5,3,0.004465545619977374,543.5583544738154,met
4,5,0.006544220384995272,127.17255588671537,not_met
1,3,0.005209108080102612,288.87199992987166,not_met
4,1,0.004970931469657143,195.73894086571804,met
6,2,0.0058205877266165225,406.4592951813238,met
2,1,0.0063525821732398485,260.33362275565787,met
6,5,0.006024839175276171,277.2181601019154,not_met
4,1,0.006974071927809857,169.61608307145448,met
3,1,0.006428891873307512,233.7370045427704,met
4,1,0.004942330609329767,202.0066161124304,met
1,2,0.005118337611406263,465.14941911119826,met
2,4,0.00631535796247391,196.32983443820854,not_met
3,5,0.007157245988530245,121.20889860207767,not_met
5,4,0.0066711447657686225,350.00108286945243,not_met
5,1,0.0061832915175185025,543.3021140482045,met
7,3,0.006078002557750167,87.24078349517231,met
7,1,0.006067195009752319,93.57555792340031,met
5,6,0.007246487624484945,356.5823835975903,not_met
2,1,0.006212720588161037,252.40940766709994,met
4,2,0.005538822582976664,243.59102902918448,met
7,5,0.005609832853473984,50.08600485440431,not_met
2,5,0.0054132522956613725,150.28812262809112,not_met
3,1,0.006786674467907494,158.04080085524487,not_met
5,3,0.00600624627970601,368.409909802811,not_met
3,4,0.006072265459172192,149.89960782964383,not_met
5,2,0.006723316227065285,648.1916114951991,met
3,2,0.0041250800392077375,257.1054513991901,met
7,5,0.006959800327337995,51.537801597948096,not_met
4,5,0.005328442382228651,123.77769409380004,not_met
1,6,0.00577939680334397,332.93929433225054,met
5,5,0.004516558780115749,362.597187860822,not_met
3,2,0.007127976915076628,274.5271165351626,met
3,4,0.006173440037805327,155.1188491324308,not_met
1,4,0.004034622612435831,288.59018236990664,not_met
3,3,0.00435474625432867,141.76282869558668,not_met
2,4,0.004039278948277285,210.2421939513252,not_met
4,2,0.006498881137189232,211.81860620425732,met
5,4,0.006107403851064887,393.1307538221288,not_met
1,2,0.00501056299593799,331.4633400687224,met
5,1,0.006309673319080135,543.8913843381769,met
4,4,0.0064278931366483485,175.31797473076173,met
1,2,0.006452317564001163,440.88960344813546,met
2,1,0.004367033106753604,220.60348297817808,met
4,3,0.005630254746824337,150.32840180923765,not_met
7,5,0.006789614499327143,53.13604366170032,not_met
7,6,0.005712387642940357,66.0342334668448,not_met
5,3,0.004155155157852138,391.9048655640768,not_met
6,1,0.0051286555649068715,400.33545920601387,met
6,6,0.007016568763060804,313.1559855818417,not_met
3,6,0.00512653657085575,175.25220450012117,met
4,5,0.006560436264538734,137.11806481843698,not_met
3,3,0.004748789612022867,171.73784679139519,met
4,5,0.0043458839399851176,138.1997698131243,not_met
5,4,0.006337641576081142,326.1078934577272,not_met
2,1,0.005866342639520018,195.90726465412646,not_met
3,4,0.0070469123307752655,144.4889365462636,not_met
1,6,0.004337682836128487,272.17492951490834,not_met
1,5,0.007381369925727137,241.3702464799916,not_met
7,1,0.007319934230014351,86.83923475671973,met
6,2,0.004498855074574217,564.3158496616736,met
5,2,0.005554118751952939,635.6024290703981,met
5,4,0.004282942788078276,491.5792273568348,met
5,4,0.004006934781006504,334.12471187209246,not_met
1,6,0.004893795657552301,299.5334099796003,met
3,1,0.006820711548193819,173.02418339091756,met
3,5,0.006274515591299359,132.84165202845173,not_met
1,4,0.004338102244285775,322.08935379689535,met
7,1,0.0056876838296770135,65.16674417986978,not_met
4,6,0.00744863707419555,169.4742836322074,met
5,3,0.006274077573839987,509.8330596379185,met
5,4,0.006061383769205497,395.3929308700163,not_met
1,4,0.004996329426690534,306.1858173246147,met
2,2,0.00597565279057948,271.8403740367173,met
5,6,0.005197151137062182,397.46685529340743,not_met
7,5,0.004664098145155084,49.24045452689363,not_met
5,2,0.0069295488878692345,616.3077962662591,met
2,2,0.004459430199286342,299.1026541186383,met
3,3,0.005923359834496884,215.8489188892851,met
2,3,0.006852588313840906,177.66007714800662,not_met
4,2,0.005404944592161083,246.29371294774018,met
5,1,0.004539203144424517,517.5888858375429,met
1,3,0.007441222426667617,372.6019258487543,met
7,1,0.006934866206073274,91.38292617368789,met
7,3,0.004942828355256471,61.01223028236327,not_met
7,2,0.004052758577050913,100.3093657976546,met
4,5,0.004691065928342409,134.6582484418867,not_met
1,4,0.0061332331198157295,307.16556107025303,met
5,2,0.006070554519950961,626.42417415265,met
2,6,0.004587384128384684,217.17609796959954,met
4,3,0.007003172608905208,135.60659785419452,not_met
4,2,0.004737081028115392,254.97114985577332,met
1,4,0.0067628660172326036,272.5282880999036,not_met
3,3,0.005142779978996355,176.2620816205761,met
4,5,0.004169715559152521,124.40319240660996,not_met
3,5,0.005867887682716745,116.81647795409998,not_met
5,2,0.006209335688555893,666.4190724654543,met
6,3,0.006656142634288708,341.351180824823,met
6,6,0.00532732783756653,313.54468148535227,not_met
6,6,0.004392787463095643,277.3801681279184,not_met
7,5,0.005148910510313803,39.834442017072405,not_met
4,6,0.006586056797312742,154.43988049302425,met
3,6,0.0062438125175425865,136.75570730359857,not_met
5,6,0.007395736792485654,365.7776164488275,not_met
7,2,0.007297411304012416,113.69906912377697,met
2,5,0.007166504152397381,143.06222345514388,not_met
5,2,0.004619678109708286,479.35184732166334,met
1,6,0.006261076916239663,263.75254364159235,not_met
2,5,0.007249755917586894,179.02169859485815,not_met
4,5,0.007154682783476415,92.60053000954608,not_met
5,2,0.006858698635494918,514.4228479120998,met
3,6,0.004768667954298072,167.69061425829938,not_met
4,1,0.007424491140421822,167.7714028489238,met
4,4,0.00415052540154873,163.64939693759808,met
1,6,0.0056126999728481255,261.6646171007849,not_met
5,4,0.006980724528011584,331.85276080431714,not_met
4,6,0.007220006629228223,131.18678766440684,not_met
1,3,0.004158712616790728,370.89616038272504,met
3,6,0.00568215605181979,133.9114914824912,not_met
2,2,0.005423856150560227,311.1468009105049,met
5,6,0.005615342958504349,343.75381180447516,not_met
5,1,0.004625092109302279,580.3032852700919,met
4,2,0.004213394995242118,201.7461229621307,met
6,5,0.005936681248433278,228.91858545074416,not_met
4,2,0.00562175812860047,166.46179410036962,met
5,2,0.005543167143098376,509.2362937899945,met
2,1,0.004725998886689755,217.77240107118692,met
2,5,0.00662711002001602,145.26169581252626,not_met
7,5,0.004256192402166718,54.40336777745837,not_met
6,5,0.0041571685159568885,229.2689372903942,not_met
1,2,0.004371076714632269,469.20860849676046,met
7,6,0.0074240576947204205,58.61124378223733,not_met
4,1,0.005836302262630396,169.84684306965062,met
2,6,0.004095695963182572,233.95444365934057,met
6,6,0.005108002451146716,390.1062544100057,met
5,5,0.005690765037995534,349.71742452096254,not_met
6,4,0.004446082042236462,379.99317967238085,met
4,4,0.00733891390278203,118.76940136480485,not_met
7,6,0.0043166910982569365,53.177991812645544,not_met
6,4,0.006288223776719387,311.64379668336164,not_met
1,5,0.005764385824580814,172.24761328486395,not_met
1,1,0.007168522289066737,401.8375960707658,met
4,5,0.007243916138872389,134.92824277082593,not_met
2,5,0.007008373599234615,140.97589999869734,not_met
7,3,0.004774951654423644,72.12466594928084,met
3,6,0.006891892408721692,157.4577877739042,not_met
3,2,0.00422020298157617,224.67582529361198,met
5,4,0.004173095206285655,365.92575765181596,not_met
6,4,0.005205922663351415,270.9709704631763,not_met
7,3,0.007011897956573833,68.65443393614083,met
2,6,0.006788736937300395,219.86459591667594,met
7,5,0.005977619990704612,60.04331124093298,not_met
2,5,0.00618430303122448,191.2352947090961,not_met
6,5,0.005821948205416995,306.37267537620716,not_met
1,1,0.007342083786012096,305.46872036050905,met
2,3,0.005802488841376179,225.55475403939525,met
5,6,0.00614058785228392,447.7816909273257,met
4,4,0.0066701740305453155,128.29627026504,not_met
2,3,0.0059992123057050085,186.27935032207256,not_met
3,4,0.006119723152372903,189.0621746377334,met
4,6,0.0066139364581799375,172.40331605531108,met
6,3,0.005578000830256825,431.4868712203163,met
2,3,0.004999830340828266,256.4481136178066,met
5,5,0.005372492063718156,338.68123117144455,not_met
1,4,0.004080649467908516,342.94303471515974,met
4,5,0.004140670034754322,88.71924500509436,not_met
4,5,0.006971003582585198,111.84794540492848,not_met
7,4,0.004601696265917576,55.66360343737621,not_met
5,1,0.007170614609404853,459.20697227046236,met
4,6,0.005152531482020689,121.49746921709645,not_met
7,4,0.004461183697464317,63.924825441575955,not_met
4,4,0.004683890999986559,123.76670352066895,not_met
7,6,0.00658610880868833,57.11358140170138,not_met
7,3,0.006448681823850836,57.17390534487289,not_met
4,3,0.006466230644846539,135.30716265954536,not_met
4,1,0.005569483952826394,141.74726913590993,not_met
1,3,0.006825011303785684,381.30108826527174,met
1,2,0.006423460518844292,369.42032731001655,met
3,4,0.00591230489619314,154.99479130021544,not_met
7,4,0.00534583437835405,57.00109808570415,not_met
7,6,0.004505016084396387,70.44289789647034,met
3,5,0.007167067532932356,133.96540018466462,not_met
7,1,0.004535505768714542,84.01957205442052,met
5,3,0.0045092364556584595,516.862838894365,met
4,5,0.0049427028502381995,106.11471358559817,not_met
7,6,0.005734527848468736,67.87424273315355,not_met
2,1,0.007449190151917483,273.65165861584507,met
2,2,0.0051752320933462735,227.64255020196165,met
3,6,0.004414743839622035,127.96211045902697,not_met
6,2,0.006167254500309419,476.97403555599686,met
6,4,0.004005811913193462,365.80262210462365,met
2,2,0.006189952938716742,271.04349438153747,met
4,3,0.0063045963018615895,183.0639275687376,met
7,1,0.005860100792648421,83.78501401735123,met
7,5,0.006718670629896413,50.11684965224635,not_met
1,2,0.004144542979630766,389.9650097782608,met
4,2,0.006675145000833311,218.6193645533315,met
4,5,0.005000705166921406,110.12625906236886,not_met
1,5,0.006835868708164379,218.47300203320688,not_met
4,5,0.0040451772205171216,119.82864566227268,not_met
7,2,0.005219529603199727,105.69492481965,met
4,6,0.004213424025712595,149.49603055482768,not_met
2,3,0.006468256723792783,177.77565030425552,not_met
2,5,0.005235086489022496,168.06072636212323,not_met
6,4,0.007073592482319428,273.82696131917817,not_met
7,4,0.005372386910780085,54.19443259497316,not_met
2,3,0.004647036175849435,184.9070044028254,not_met
3,4,0.004165962892861094,166.05468918283142,not_met
2,1,0.006302281913550883,198.19017332831498,not_met
4,3,0.006103012699152848,143.29005998094763,not_met
5,5,0.004666049006582615,359.6617498523058,not_met
2,5,0.006930534336598441,167.84132186830547,not_met
3,3,0.004466459182206955,169.0391649447518,not_met
4,4,0.004217866775641037,122.95910060451999,not_met
7,1,0.007094148413036419,71.79587800356862,met
1,3,0.005247157722649932,355.74463805467553,met
5,5,0.006351003897141661,362.92755389195037,not_met
6,4,0.007294813948456487,348.0354351620136,met
3,3,0.004954543207003471,170.80180335638514,met
1,2,0.004271483275898679,478.85596450002566,met
4,3,0.005256204638287494,177.52979827670666,met
1,4,0.006852390985672556,300.2193852745667,met
4,6,0.004323721163117582,151.7551696060426,not_met
3,1,0.006834045414749113,156.9247139242358,not_met
5,1,0.005965717404961985,509.2641104110959,met
3,3,0.0063039289715241635,206.74646515169408,met
4,6,0.005839218179372177,127.71715144193283,not_met
3,4,0.007150437508659923,138.6606032736873,not_met
5,1,0.005341173982569314,385.02323155451126,not_met
4,5,0.007030655341370943,100.43942819412295,not_met
2,4,0.007153822647480039,206.11059530474864,not_met
2,5,0.00728755548988233,127.50444607627327,not_met
2,6,0.005182078393061615,243.43372769294172,met
2,2,0.00693934211454132,242.46809326272503,met
3,4,0.006033944182681897,135.47427419038792,not_met
7,6,0.0052929682354767695,59.87408676186582,not_met
3,1,0.007412336270349371,169.70544100721094,not_met
4,5,0.005744175337742734,109.11358756643573,not_met
6,4,0.005172714227328542,298.619983848661,not_met
3,1,0.005900432775546578,217.23284063697528,met
6,6,0.004506451170839524,308.0538895094791,not_met
5,6,0.004249520748369002,406.54184346216203,not_met
6,5,0.006695454953372484,232.53645770017235,not_met
4,6,0.005865378386113198,155.64056055418877,met
5,5,0.007028137245353436,374.3883984927255,not_met
4,6,0.007486038525441674,141.56812969875875,not_met
4,5,0.004773084147820592,94.43983778932581,not_met
7,6,0.005242897189222451,69.60394728131288,met
2,3,0.007203563182485085,246.259801829216,met
5,6,0.00481481178447124,471.7639426388933,met
2,3,0.0061066499868948155,192.73722150690628,not_met
7,6,0.004466499562009385,71.11954504958123,met
4,5,0.007220783886048423,90.45936503107453,not_met
1,4,0.00444247764693898,344.80954435100614,met
7,1,0.00706266615103073,95.42960509131366,met
5,6,0.005482088191030537,362.76111578056003,not_met
1,1,0.004805800479886295,356.0998143087809,met
3,1,0.006823994031697828,180.5818968260102,met
5,1,0.0069960072173992135,507.3220768749995,met
5,1,0.0067995317374375305,403.980455007308,not_met
3,3,0.007233701480357449,178.66930730149457,met
3,4,0.006928308470210337,128.15587790004275,not_met
4,4,0.006430406450411881,120.59699687198231,not_met
6,3,0.006571685562625948,346.20816067493365,met
5,4,0.0061313722584323705,368.1250015651632,not_met
1,3,0.004474927102545755,324.5724324154757,met
3,2,0.005259135892400991,230.32630427938653,met
2,3,0.004813821869854678,203.5778717285287,not_met
5,6,0.0054678349107084535,440.1263971846025,met
6,2,0.006756748567454812,467.07183317764634,met
4,4,0.004585380096805961,129.99334048805656,not_met
1,6,0.006192349080343718,330.30777652521243,met
4,4,0.004703232050175159,150.54565300814852,not_met
1,3,0.004026284048585995,337.9407124522159,met
1,3,0.006352707966207068,333.8468379317832,met
5,1,0.005165608911705391,564.6319219238275,met
6,2,0.004954085848269955,470.7625922323521,met
3,5,0.0042186952133217315,137.59086375707156,not_met
4,3,0.005244601709338553,139.98725206759937,not_met
5,3,0.006559433438557212,354.91817021674746,not_met
3,5,0.006727903754567201,148.92462602210932,not_met
2,2,0.004568813771925831,314.7996187914833,met
2,2,0.006347078245994432,317.6913847109497,met
2,3,0.005334965035211933,194.21758947615413,not_met
7,3,0.005244932491874051,77.55464013302668,met
3,3,0.007481153823693424,141.72405664147408,not_met
6,5,0.004556469840936873,277.23256924437334,not_met
5,6,0.005606916553824547,446.55656673961226,met
6,5,0.006046514618830036,207.70139433748196,not_met
5,3,0.005155868199237102,390.18926718197923,not_met
5,6,0.006729931616983717,412.8024772300287,not_met
4,2,0.0056285720608658316,220.23919812638917,met
3,3,0.00704291550949344,181.12826022942062,met
7,3,0.004925144929737664,74.9842320659894,met
4,5,0.005527834777544374,102.67430636607271,not_met
5,2,0.007433092713194053,706.9931559333291,met
6,4,0.005975924477132777,323.80007001975173,not_met
5,1,0.004153285743983545,594.2393348117096,met
6,1,0.00600636151892895,475.87132866076547,met
6,6,0.0046348354525950425,275.6763365343604,not_met
1,2,0.00491947115642077,354.9835005021669,met
6,6,0.006981992623106729,357.55924731436755,met
2,1,0.006777270734770619,281.4460323571999,met
2,1,0.006166894244351605,276.8409291225536,met
3,1,0.0072041034075017735,180.82193847410142,met
1,1,0.006929321581480954,337.7518452206365,met
4,4,0.007409863145640141,166.2332897395281,met
3,2,0.0074946595704206975,221.05383000761753,met
6,2,0.006368025073128132,414.0591047176109,met
2,3,0.005689778322392849,197.44170161523923,not_met
3,2,0.004019942340702936,279.1393097501451,met
6,1,0.005548996369779421,431.04433437261486,met
5,6,0.006799942033217031,422.4036578666358,not_met
4,1,0.006351615495494547,210.98473694920065,met
7,5,0.004351423750086607,51.735630722167734,not_met
7,4,0.006355178172187172,55.570025776270356,not_met
2,4,0.004747297020792907,209.60270803270572,not_met
3,5,0.004509031613821231,139.95824809377828,not_met
3,4,0.007178959098086118,181.2671231972734,met
6,2,0.004621956598759678,529.6501885280927,met
2,6,0.006460786173404715,228.74284321512968,met
1,2,0.005968971547466859,324.57024672083213,met
6,4,0.005062348987998003,256.5444914167772,not_met
4,5,0.00588462502880662,116.44419908329441,not_met
4,1,0.004659509866368743,209.74205694479326,met
5,4,0.006485207226370408,453.12927355356015,met
5,4,0.006410465326943175,353.1233025316063,not_met
6,6,0.005464190785910594,252.84625597221827,not_met
3,3,0.006865353862753398,180.88611243207725,met
1,3,0.006932455277886995,380.4515609785945,met
6,3,0.006415915443214318,344.1517457138247,met
6,2,0.0067466487634005035,545.1913704329105,met
4,4,0.004957200427242917,125.35454966503391,not_met
7,5,0.005706497230233138,50.48422401066468,not_met
7,3,0.005477741424423174,58.58300010138084,not_met
6,2,0.004681726740697211,568.5461935641724,met
6,6,0.006558395941562903,338.4338523484264,not_met
5,3,0.005514318626222224,355.4643137964948,not_met
3,2,0.007454473416174761,270.97974797315,met
1,2,0.006197103320038435,378.54969179761486,met
2,6,0.0040928568157769,179.88281429756393,not_met
6,6,0.006221370130179165,363.552773792125,met
2,3,0.004888468071228244,187.6028239499703,not_met
6,3,0.0051385818727481755,388.8481558469787,met
6,2,0.006349532317484114,506.281797756334,met
5,4,0.006291085410036378,431.22535233470654,met
6,6,0.007122068740840728,377.6257279943918,met
2,5,0.005446172094706464,186.7416713712526,not_met
2,1,0.006178663922480676,277.8719291192246,met
3,1,0.00550894016519237,218.23481385849306,met
3,5,0.004794049388433552,118.97856615319806,not_met
1,3,0.005432565037257804,257.9314661809295,not_met
1,4,0.0072715387565054045,290.7702312112494,not_met
5,6,0.005876797316811185,388.96508894196336,not_met
5,5,0.0050168603875018125,246.7951062888526,not_met
5,4,0.004741674903180785,391.2014566628974,not_met
1,1,0.005557673891191748,412.1073630591996,met
1,2,0.007184738246828114,341.75756767709055,met
5,3,0.0052106430761445525,416.0090749105834,not_met
7,3,0.004461135812268488,56.55917523239675,not_met
5,2,0.006666656901861423,460.1980970630624,met
6,4,0.004999579623504377,348.0694389503602,met
7,1,0.0069082373651477985,67.638184740651,not_met
4,2,0.006299060317072201,223.99917816282354,met
6,4,0.004648212554007549,383.82633940946295,met
1,2,0.0043677679067771575,436.1404940853509,met
1,2,0.00513228990562533,483.54464777717436,met
1,3,0.004985858674781246,381.31510763983493,met
1,6,0.007228825154956706,281.940572897495,not_met
5,4,0.005306404452793896,353.0432658809137,not_met
1,3,0.0041078231347178125,302.28864293434435,met
3,1,0.004684976593658327,162.10331402522425,not_met
4,4,0.006762742662983915,163.519878586609,met
6,3,0.007274772314158748,400.3529932793995,met
1,1,0.0050546561118867996,353.4932933188317,met
7,1,0.007002306821479372,75.29838543182238,met
1,2,0.00582515108173479,372.6508950983531,met
7,2,0.006964721949698031,88.96177212363604,met
4,4,0.006479682429214894,139.01605295477577,not_met
4,1,0.00686540648270474,216.5272939795486,met
4,6,0.004742545776513209,171.86635221548818,met
6,5,0.006648071963646234,236.45088975804646,not_met
3,1,0.005048920758940612,237.39275149438146,met
2,4,0.006004839419185911,207.85244203663933,not_met
7,1,0.004615022284458231,68.83675051631431,met
4,3,0.00509303425894523,168.88397594402775,met
2,3,0.004060595335774697,198.88440237390878,not_met
7,3,0.0070823145169180085,78.42447963856166,met
6,4,0.00419567759007524,267.36635031625804,not_met
7,1,0.006332128420457976,89.44863649341657,met
6,5,0.005209481312280429,245.23786938298062,not_met
5,5,0.006103985552421597,285.2228576220497,not_met
1,6,0.005806019537806002,233.75615799400128,not_met
6,2,0.004275627165875264,441.6173236524951,met
6,4,0.004724739371148133,384.1911151867374,met
4,4,0.004448046906170455,154.0338825203539,met
3,5,0.006105938786085504,129.55802434880783,not_met
7,3,0.004509105926124803,61.29843780683274,not_met
1,5,0.007493375218818015,251.22380483861832,not_met
1,3,0.007095225250779765,306.754193594666,met
1,2,0.004939174761139695,480.9741732383295,met
4,4,0.004292223633812316,124.49416552577232,not_met
6,6,0.005182934123194668,357.97246250790033,met
7,1,0.007211322133408846,69.33484883322663,met
3,3,0.006843487149250194,211.91752764318417,met
3,3,0.005415522375546082,145.0516213015885,not_met
5,4,0.004961910214867386,423.4795847100199,not_met
6,2,0.004820298288032928,442.30924688164754,met
4,3,0.007377958341163782,143.38423163385892,not_met
7,3,0.007388015588439829,65.44633984093711,not_met
3,3,0.0064348229919371,159.6150027470935,not_met
5,1,0.007377445454108099,579.8608742877474,met
6,6,0.007154132615188473,294.7917998703106,not_met
5,5,0.004324572836222139,283.41837017423467,not_met
1,5,0.0054752994762123,268.31704635447267,not_met
4,3,0.004219505753485824,188.97214706829922,met
2,4,0.004368524619826743,167.837885698444,not_met
6,6,0.006227980631978995,380.283007622533,met
1,1,0.004086378149967435,336.34793953323015,met
5,1,0.005439061786698781,429.08330249566757,met
3,2,0.005739526320672002,195.13319574298703,met
1,4,0.007003337434108272,265.6317240928978,not_met
3,3,0.005083006352663461,202.03506408448334,met
2,2,0.005084719550877394,282.5760009517997,met
5,2,0.004672371006864354,685.475418906163,met
2,4,0.004758200037922524,213.1751106464552,met
3,1,0.005939518161821133,175.00036216528272,met
7,5,0.006856720082260599,42.24361518872169,not_met
2,3,0.0042177439289293895,237.5264027115118,met
2,3,0.0065013209033145895,252.1870073139104,met
7,5,0.0044924405755676815,40.638939109505124,not_met
4,2,0.005215827918003368,179.20110714082693,met
4,4,0.006470293652352132,128.46630039728618,not_met
7,2,0.006902717228549859,111.73867846573334,met
7,6,0.006788849958376485,55.88634044294215,not_met
5,2,0.0062543992809805955,654.7067034988056,met
6,3,0.0054405215706874056,434.9844954822443,met
5,2,0.006355608255033517,522.904092557077,met
5,1,0.005187228197319973,549.5703176782182,met
3,5,0.007193274338791542,100.27958352226213,not_met
4,2,0.007310412460068004,197.6552990968072,met
2,3,0.006029400231240751,226.32459018664045,met
1,3,0.006394131634175527,288.24132614193394,not_met
3,2,0.005334018781847357,261.0113104351973,met
3,2,0.004956820075059136,233.05690341775735,met
4,6,0.005211030807231629,115.89803560523455,not_met
3,5,0.0048128384494446836,140.6704645618991,not_met
6,3,0.007450199668581295,322.2163820123404,not_met
4,6,0.004172961764332758,142.46763983563702,not_met
6,1,0.005405450387971842,445.07902420584173,met
1,3,0.005355781041039598,293.7349954866552,not_met
6,4,0.004690558822959639,330.35432007579044,not_met
6,2,0.0058837540529566345,369.1336304272777,met
2,2,0.006597621260414574,320.0038953641115,met
6,1,0.004049066144216249,314.255253507421,not_met
6,1,0.006727247425699208,361.8613761429536,met
6,3,0.004988365748505534,296.4127366391437,not_met
2,4,0.0058360645706720254,235.52744241772305,met
6,5,0.0062908615386471425,203.88156325824986,not_met
5,2,0.0066756725191283355,529.9428362648353,met
1,6,0.004881226870843644,339.85097638706804,met
1,3,0.006891586962754029,375.76245166650136,met
5,2,0.004162154191446357,707.8295935486431,met
3,1,0.00529587803650963,213.5267794041662,met
1,3,0.004207329684214913,384.26915702540805,met
5,3,0.007467960106675109,450.5581902861397,met
3,4,0.00523930774761134,186.45005704675853,met
2,3,0.006381260013126616,251.20242934502693,met
1,4,0.00510428720455893,240.53314347120076,not_met
5,5,0.00584339942159441,328.5925828567872,not_met
6,4,0.006266676452375031,253.75538853345526,not_met
7,3,0.005699579744594709,76.39130922506314,met
2,6,0.00638352477988356,198.30256230398996,not_met
2,4,0.007492251311546041,169.40948378857527,not_met
5,1,0.0062722682247138015,579.6733210256635,met
6,3,0.007235585788941384,385.4233662606212,met
5,3,0.004797999025983873,494.6016982397631,met
3,2,0.005445532371188565,216.10029340585658,met
4,3,0.005176434630183807,137.14652590896318,not_met
7,6,0.004957326155123413,66.42203145516578,not_met
7,6,0.005694090131641627,58.93472142673977,not_met
4,4,0.0065251260756510835,173.2590128524021,met
6,6,0.005571905009177335,387.4150080560677,met
3,3,0.006676297550268548,161.09765806358797,not_met
1,4,0.004465597409463951,269.67335806015643,not_met
5,6,0.00726822285800047,335.6892915419821,not_met
4,3,0.004908179331597261,169.69066436127565,met
3,2,0.004605771925682077,182.2030355184013,met
3,4,0.006249674628912798,165.85379668212292,not_met
4,5,0.005345910976225674,131.029990371093,not_met
6,5,0.005509431006723589,297.35672049388455,not_met
2,3,0.005305638725963609,248.96009146364884,met
3,5,0.006731303752659082,129.5430370643357,not_met
4,1,0.004061455472608626,185.88203795497776,met
3,6,0.005329142378838367,174.16978850538337,met
1,1,0.006856386905195524,397.52133180204265,met
1,6,0.004904121262410349,221.34847079752518,not_met
6,1,0.005977077782795151,471.4582082460257,met
3,1,0.0063672838436628285,166.38895309785596,not_met
5,4,0.0061634678348456975,483.39000712785196,met
4,1,0.006133581649576322,139.3965368245571,not_met
6,6,0.005772638129477441,308.0510981045919,not_met
2,5,0.006855638566972278,129.932463311468,not_met
7,1,0.004774274440309349,81.82547912807678,met
4,4,0.006600261635068778,134.3022868396632,not_met
7,2,0.005223975524537072,108.50264375255674,met
7,4,0.005295291633508835,74.63651487846862,met
1,1,0.006391256769065549,323.7053139435118,met
6,3,0.0056417643300434046,310.8280511423135,not_met
1,6,0.006833482138438079,244.17823202588875,not_met
5,1,0.004700226160389858,419.3444937734261,not_met
3,1,0.004025628732668185,229.42001178888557,met
1,2,0.00510151620285003,326.60908839471267,met
7,3,0.004346925100430813,83.49289559203405,met
4,2,0.005885193164960933,195.75911012423435,met
3,2,0.0051739847527220275,241.80339950137707,met
5,5,0.005214832297933213,286.58441369881433,not_met
7,4,0.006003523515308235,68.85543642708075,met
6,5,0.00577208676714081,203.67980899400683,not_met
1,3,0.004422691260071552,308.2963094242945,met
3,2,0.005304726573382084,276.58624505635674,met
1,4,0.0055339852732921475,286.50709764652066,not_met
3,3,0.005878636733723604,141.79670036886702,not_met
5,6,0.005657125742557833,396.74740423024787,not_met
4,1,0.007106421587337808,202.7380382292817,met
3,4,0.0069668485278492655,171.0485457048902,met
7,5,0.0064150165421522085,46.29282656727599,not_met
7,5,0.00622442491945789,50.968532927801064,not_met
6,2,0.004401698734445527,507.8841653370053,met
3,1,0.004291423655159568,158.6267856531189,not_met
3,1,0.004451529459724655,172.88302285330755,met
3,5,0.004882631481719199,147.3506778020691,not_met
2,1,0.004062169926710723,247.12595554205726,met
1,2,0.006579919702632328,462.37851956018517,met
7,6,0.006864579185232456,73.68725290950883,met
1,3,0.004237699712402796,357.41708378041415,met
6,2,0.00541218815165514,507.09594281823354,met
2,4,0.0063840919180580494,164.42413176887308,not_met
7,3,0.005046070526866466,60.48624422098825,not_met
6,1,0.005552325521957483,362.2177230942266,met
4,1,0.006152889954797679,170.1535254124997,met
4,3,0.006830743761989253,159.94023162840557,met
3,1,0.005185096560119508,160.76600576313905,not_met
2,6,0.004275829471556398,184.41073559757857,not_met
6,6,0.005412607406561873,374.12748211950986,met
3,6,0.005914051632858914,131.8342475373868,not_met
5,4,0.005652952031684554,440.88260946217116,met
2,2,0.00425710366107954,235.1798711970231,met
3,5,0.006066822779972394,137.56109050642866,not_met
7,1,0.004249650657949182,83.70025353497064,met
5,5,0.006719339419533345,270.82347706619936,not_met
2,4,0.00402572292343682,165.70796429087503,not_met
6,4,0.004198244204794331,366.21638979768943,met
3,1,0.004491437541351676,221.5193819936332,met
4,3,0.006853619974800496,161.4164203099783,met
1,1,0.006531433197147844,315.20769128411496,met
6,4,0.00514787941907417,300.96627785992354,not_met
7,4,0.005506272595037744,55.17060068194491,not_met
5,1,0.004265623288882933,404.6286555038022,not_met
7,1,0.005260572276351258,91.27694407205074,met
2,3,0.004736060944245843,215.5114175514522,met
4,5,0.007206274685630921,102.13588597202936,not_met
7,3,0.006948924264736687,65.26510430687846,not_met
3,4,0.006627275645327521,193.20737797972248,met
2,2,0.004752487633886436,239.84421877926536,met
7,5,0.005135753039207088,42.58300402261224,not_met
2,3,0.007065538593448473,186.95073765488684,not_met
5,2,0.0053900174897332275,549.5906305848544,met
1,3,0.005757791021332871,266.20361970460283,not_met
2,4,0.006933221897943729,202.88987826757318,not_met
1,2,0.006840759151806546,428.7261223352309,met
3,5,0.004696295608023133,106.72836593007469,not_met
7,3,0.007042249607515053,63.58416527220746,not_met
7,5,0.00526061302930282,39.45358714675833,not_met
1,5,0.007034931538801799,268.47159024922087,not_met
5,3,0.006229439282722959,434.30120857888744,met
1,2,0.006174172139744583,402.9880129759289,met
3,5,0.00431697902152183,153.21734535256795,not_met
6,2,0.005017660555174818,392.88664326761614,met
6,5,0.006758222034499799,216.97637074849698,not_met
3,6,0.005128241223267931,177.0504383587244,met
1,3,0.004342040241092547,279.05348968571934,not_met
4,3,0.006748254419548703,168.85069419945796,met
5,4,0.006992286278112306,403.7202878603475,not_met
5,3,0.006076604338579687,391.6864088574843,not_met
7,5,0.00477432741129927,43.08955775729402,not_met
7,4,0.004285655686867947,63.797188482014064,not_met
5,5,0.00453296920462121,275.2490843273285,not_met
7,4,0.0068284392679294065,62.552014656946916,not_met
3,2,0.005623768037087938,209.1823579764895,met
6,4,0.004688792831460159,301.6879800780942,not_met
7,1,0.006851235952288057,76.62042799349264,met
6,4,0.0042973385519463345,308.31131561043844,not_met
1,1,0.005426953397650153,398.75892851071166,met
3,3,0.006656433745389458,152.00127815303964,not_met
3,6,0.006381170537648564,179.2659615993037,met
7,2,0.006240662258342877,110.81354328772522,met
2,1,0.004569067550202034,209.00637159113057,not_met
7,2,0.005709510504565387,112.83270697501979,met
4,4,0.007223374450433208,133.72892731812036,not_met
4,5,0.005359904870915874,95.82448593388924,not_met
6,3,0.006021510424331735,383.4135312621249,met
4,5,0.007067174464344944,115.16592898639128,not_met
7,5,0.007404287798498358,48.60487487999148,not_met
7,2,0.0072286663960861135,108.99398980250629,met
7,3,0.006332174509814223,82.26121645535984,met
7,2,0.004288042544342655,90.19470966417305,met
4,4,0.0067031492820990145,143.3301345538361,not_met
6,3,0.006587681182700574,333.28766341921516,not_met
2,3,0.0067161264989166625,263.59100643760115,met
2,2,0.0063275514713001055,336.53865554376785,met
2,5,0.005169448938652856,135.96089657303236,not_met
4,3,0.006675838482020831,168.1823618821877,met
6,6,0.004504408703952857,282.26835747259224,not_met
5,5,0.006023275533507055,296.65853790807085,not_met
1,5,0.005996252667564861,230.2894964849395,not_met
6,3,0.005005025092811206,363.3997756502082,met
6,3,0.006661300489009199,411.76136682392456,met
4,5,0.005197445593563261,106.95023208943279,not_met
5,4,0.007000243448351163,492.34283290673307,met
7,1,0.007091297834060249,71.44147567752015,met
6,3,0.0051825632420148425,384.21372013836947,met
6,5,0.006987757305268966,233.79906505189953,not_met
6,4,0.006697382528545495,356.78555117556846,met
7,1,0.005109304711395661,67.86849082342238,not_met
5,4,0.0043381478169067554,419.2852424813029,not_met
2,4,0.004163808328413695,173.92091006847687,not_met
7,3,0.006125905282222418,84.35040383387356,met
4,1,0.006198423535005871,160.21960068430485,met
7,1,0.007031000825449185,83.23990545570678,met
7,5,0.006847907497313457,50.717157849679346,not_met
2,3,0.006818325230741374,175.14907031397757,not_met
2,4,0.006011217939439317,231.81572853713718,met
2,5,0.005614125359213918,155.37044279966327,not_met
4,4,0.004276643968900321,150.82122621442485,not_met
5,2,0.00406081063374699,501.2880476339917,met
4,2,0.005030527417030765,184.40624676550576,met
7,4,0.005821759883821857,75.65334718563054,met
2,3,0.0064629133659315705,250.16136972338407,met
2,1,0.004147331207229758,281.0851138386339,met
